大客車禁行路段調查表 103.03.21,,,,,,,,,,,,
項次,縣市別,"鄉鎮
市區",路線路名,路線樁號及起迄地名,管制通行措施,路況概述,提報單位,"公告日期
及文號",,,,
,,,,,,,,,,,,
1,"桃園縣
宜蘭縣","復興鄉
大同鄉",台7線,"46k+900~60k+776~85k+725
巴陵~桃宜縣界~百韜橋",禁行甲類大客車,山區道路狹窄，多急彎、多雨濃霧，大型車可會車路段少,本局第一、四區養護工程處,公路總局102.01.31路規交字第1021000821B號函,,,,
2,臺中市,和平區,台8線,"83k+600~111k+922
梨山~大禹嶺",禁行甲類大客車,道路狹窄無法會車、坡度陡、隧道淨高不足、冬季易結冰路滑,本局第二區養護工程處,公路總局102.01.31路規交字第1021000821B號函,,,,
3,花蓮縣,秀林鄉,台8線,"111k+922~161k
大禹嶺~西寶",禁行甲類大客車,山區道路狹窄，多急彎、多雨濃霧，大型車可會車路段少,本局第四區養護工程處,公路總局第四區養護工程處102.05.31四工養字第1021002673B號函,,,,
4,臺中市,和平區,台8臨37線中橫便道,"0k~24k+300
上谷關~德基
(原台8線37k+000~44+055上谷關~壩新路口及台8甲線0k~16k+868
壩新路口~德基)","僅開放小客車(9人座以下)及貨車車種限制17公噸以下大貨車(前後輪均為單軸)通行，
通行條件另規定如下：
1.台8臨37線（中橫便道）係基於人道考量，僅提供梨山地區民眾緊急救護、救難等基本維生之通行。
2.提供設籍於大梨山地區之民眾通行，並針對設籍於豐原、石岡、東勢、新社等四區公所並確有於大梨山地區工作之民眾，經臺中市政府統一投保造冊後，方可准予通行。
3.設籍仁愛鄉榮興村村民，請南投縣仁愛鄉公所統籌投保後造冊送段核行。設籍仁愛鄉榮興村村民，請南投縣仁愛鄉公所統籌投保後造冊送段核行。
4.未設籍梨山，但確實於梨山工作或生活民眾，請台中市政府(設籍當地之縣、市政府)協助確認造冊，再送本處谷關工務段核行",敏督利颱風及七二水災暫緩復建路段(道路中斷),本局第二區養護工程處,公路總局102.01.31路規交字第1021000821B號函,,,,
5,新北市,烏來區,台9甲線,"14k~19k+773
烏來~孝義",禁行甲、乙類大客車(部落之通學、通勤班車除外),山區道路狹窄(4-5公尺)、多處彎道,本局第一區養護工程處,公路總局102.01.31路規交字第1021000821B號函,,,,
6,宜蘭縣,員山鄉,台9甲線,"49k+978~56k+500
雙連埤~圳頭",禁行甲類大客車,道路狹窄、急彎,本局第四區養護工程處,公路總局102.01.31路規交字第1021000821B號函,,,,
7,南投縣,仁愛鄉,台14線,"87k+572~94k
廬山溫泉路口~投85線路口",禁行甲類大客車,,本局第二區養護工程處,公路總局第二區養護工程處102.10.08二工養字第1021011885B號函,,,,
8,南投縣,仁愛鄉,台14線,"94k~99k+016
投85線路口~屯原",禁行甲、乙類大客車,道路狹窄、無會車空間、停車視距距不佳、有濃霧,本局第二區養護工程處,公路總局102.02.26路規交字第1020008486A號函,,,,
9,南投縣,仁愛鄉,台14甲線,"7k+500~18k
清境農場-翠峰",例假日禁行甲類遊覽車或車齡逾12年遊覽車或總重25公噸以上大型車行駛,道路狹窄、坡度陡、有急彎、冬季易結冰路滑,本局第二區養護工程處,公路總局102.01.31路規交字第1021000821B號函,,,,
10,"南投縣
花蓮縣","仁愛鄉
秀林鄉",台14甲線,"18k~32k+855~41k+565
翠峰~合歡山~大禹嶺",禁行甲類大客車及車齡逾12年遊覽車或總重25公噸以上大型車行駛,山區道路狹窄、急彎、冬季易結冰路滑、坡度陡,本局第二、四區養護工程處,公路總局102.01.31路規交字第1021000821B號函,,,,
11,南投縣,"水里鄉
信義鄉",台16線,"19k+603~29k+500
苗圃~地利",禁行甲類大客車,道路狹窄、有急彎、無會車空間,本局第二區養護工程處,公路總局102.01.31路規交字第1021000821B號函,,,,
12,南投縣,信義鄉,台16線,"29k+500~41k+257
地利~合流坪",禁行甲、乙類大客車,道路狹窄、有急彎、無會車空間、停車視距距不佳,本局第二區養護工程處,公路總局102.01.31路規交字第1021000821B號函,,,,
13,高雄市,"六龜區
桃源區",台20線,"78K+500~92K+500~108K+500
寶來~桃源~梅山口",禁行甲、乙類大客車,"5M~8M寬，柏油路面
94K+000~+400、95K +000~ 95K+600、96K ~101K碎石路面",本局第三區養護工程處,公路總局102.01.31路規交字第1021000821B號函,,,,
14,"高雄市
台東縣","桃源區
海端鄉",台20線,"108K+500~145K+905~153K
梅山口~天池~埡口~向陽",除施工車輛外其他車種禁止進入,5M~8M寬，莫拉克風災災區路段,本局第三區養護工程處,公路總局102.01.31路規交字第1021000821B號函,,,,
15,台東縣,海端鄉,台20線,"153K~175K+600
向陽~利稻）",限3.5噸以下小貨車及9人座以下小客車通行，其他車種限制進入,莫拉克風災災區，5M~6M，下午易起霧路段,本局第三區養護工程處,公路總局102.01.31路規交字第1021000821B號函,,,,
16,南投縣,信義鄉,台21線,"110k+900~145k+035
草坪頭~塔塔加","1.禁行甲類大客車通行 
2.開放甲類大客車通行
  時段：
★早上8時至11時信義
  往阿里山方向
★下午14時至16時阿里
  山往信義方向
3.其中122K~145k+035（烏乾溪~塔塔加）路
  段，每日 17 :30 ~
  隔日7 : 00實施夜間
  封閉 ，管制所有車
  輛通行",莫拉克颱風災區災害道路,"本局第二區養護工程處
",公路總局第二區養護工程處102.11.08二工養字第1021013638B號函,,,,
17,高雄市,"那瑪夏區
甲仙區",台21線,"209K~221K（現地樁號為「臨209便道」0K~ 12K）
那瑪夏~五里埔",除施工車輛外限小型車進入其他車種禁止進入,6~8M寬，混合車道,本局第三區養護工程處,公路總局102.01.31路規交字第1021000821B號函,,,,
18,高雄市,甲仙區,台21線,"221K~233K
五里埔~甲仙",禁行甲類大客車,12M寬，二線道,本局第三區養護工程處,公路總局102.01.31路規交字第1021000821B號函,,,,
19,花蓮縣,富里鄉,台23線,"7k+000~16k+705
永豐村~花東縣界",18時至隔日6時禁行甲類大客車,山區道路狹窄，大客車會車困難,本局第四區養護工程處,公路總局102.02.26路規交字第1020008486A號函,,,,
20,台東縣,東河鄉,台23線,"16K+705~25K+276
花東縣界~東河農場",禁行甲、乙類大客車,4~5M寬、,本局第三區養護工程處,公路總局102.01.31路規交字第1021000821B號函,,,,
21,屏東縣,"三地門鄉
霧台鄉",台24線,"26k+200~40K+000
三德檢查哨~霧台","1.禁行甲類大客車
2.開放乙類大客車通行時段：上午9時至下午16時，其餘時段禁行",4~6M寬，且多處莫拉克風災災修工程,本局第三區養護工程處,公路總局第三區養護工程處103.01.23三工交資字第1031000513號函,,,,
22,屏東縣,霧台鄉,台24線,"40K+000~48K+690
霧台~阿禮",禁行甲、乙類大客車,路寬3~5M，且多處莫拉克風災災修工程,本局第三區養護工程處,公路總局第三區養護工程處103.01.23三工交資字第1031000513號函,,,,
23,屏東縣,牡丹鄉,台26線,70K+707~80K+024（港仔~旭海）,禁行甲類大客車,路寬4M~6M,本局第三區養護工程處,公路總局102.01.31路規交字第1021000821B號函,,,,
24,台東縣,達仁鄉,台26線,92K+912~93K+983（舊台26線南田路段）,禁行甲、乙、丙類大客車,路寬3~5M,本局第三區養護工程處,公路總局102.01.31路規交字第1021000821B號函,,,,
25,高雄市,六龜區,台27線,"10K+400~25K+200
興龍~大津",禁行甲、乙類大客車,13K+900~14K+000、16K~ 21K部分施工路段，非柏油路面,本局第三區養護工程處,公路總局102.01.31路規交字第1021000821B號函,,,,
26,臺北市,士林區,陽明山101甲線道路(巴拉卡公路),,大客車禁行路段,山區道路、多彎道,臺北市政府,公告時間不可考,,ok,1 ,
27,臺北市,士林區,福林路100巷,,大客車禁行路段,,臺北市政府,公告時間不可考,,ok,1 ,
28,臺北市,士林區,力行街,,大客車禁行路段,路寬＜5.5m,臺北市政府,公告時間不可考,,ok,1 ,
29,臺北市,南港區,南深路91巷,,大客車禁行路段,路寬＜5.5m,臺北市政府,公告時間不可考,,ok,1 ,
30,臺北市,南港區,重陽路39巷、57巷、125巷,,20:00-09:00大客車禁行路段,,臺北市政府,公告時間不可考,,ok,1 ,
31,臺北市,大同區,大龍街(民族西路至民權西路,,07:00-22:00大客車禁行路段,,臺北市政府,公告時間不可考,,ok,1 ,
32,臺北市,大同區,民權西路144巷、錦西街53巷(民權西路至錦西街),,"07:00-08:30、12:00-13:00、15:00-17:00
大客車禁行路段",,臺北市政府,公告時間不可考,,ok,1 ,
33,臺北市,大同區,鄭州路38巷(鄭州路至忠孝西路),,大客車禁行路段,路寬＜5.5m,臺北市政府,公告時間不可考,,ok,1 ,
34,臺北市,北投區,雙全街,,"06:00-09:00、17:00-19:00
大客車禁行路段",,臺北市政府,公告時間不可考,,ok,1 ,
35,臺北市,北投區,大同街,,"06:00-09:00
大客車禁行路段",路寬＜5.5m,臺北市政府,公告時間不可考,,ok,1 ,
36,臺北市,北投區,新民路,,大客車禁行路段,,臺北市政府,公告時間不可考,,ok,1 ,
37,臺北市,信義區,永吉路30巷,,大客車禁行路段,,臺北市政府,公告時間不可考,,ok,1 ,
38,臺北市,信義區,永吉路120巷,,大客車禁行路段,,臺北市政府,公告時間不可考,,ok,1 ,
39,臺北市,信義區,吳興街,,大客車禁行路段,,臺北市政府,公告時間不可考,,ok,1 ,
40,臺北市,萬華區,萬青街,,大客車禁行路段,,臺北市政府,公告時間不可考,,ok,1 ,
41,臺北市,文山區,貓空地區,,"11:30-13:00、16:00-09:00
大客車禁行路段",山區道路、多彎道,臺北市政府,公告時間不可考,,ok,1 ,
42,新北市,三芝區,101甲線,全線,禁行甲類大客車,,新北市政府,新北市政府102.2.7北府交安字第10212331711號公告函,,ok,1 ,
43,新北市,三芝區,北6,3k+400至終點,禁行甲乙類大客車,,新北市政府,新北市政府102.10.9北府交安字第10228006011號公告函,,,,
44,新北市,金山區,北23,全線,禁行甲類大客車,,新北市政府,新北市政府102.2.7北府交安字第10212331711號公告函,,ok,1 ,
45,新北市,金山區,北27,1k+600~4k,禁行甲類大客車,,新北市政府,新北市政府102.11.15北府交安字第10230491761號公告函,,,,
46,新北市,萬里區,北28,4K~13K,禁行甲類大客車,,新北市政府,新北市政府102.2.7北府交安字第10212331711號公告函,,ok,1 ,
47,新北市,萬里區,北28-2,0K~7K,禁行甲類大客車,,新北市政府,新北市政府102.2.7北府交安字第10212331711號公告函,,ok,1 ,
48,新北市,平溪區,北31線,全線,禁行甲類大客車,,新北市政府,新北市政府102.11.15北府交安字第10230491761號公告函,,ok,1 ,
49,新北市,瑞芳區,北34線,台2線 - 102縣道(隔頂),"假日0800~1800管制大客車
公車及具許可證除外",,新北市政府,新北市政府102.2.7北府交安字第10212331711號公告函,,ok,1 ,
50,新北市,瑞芳區,"北34線
新山路",金石橋~時雨中學,禁行甲、乙類大客車,,新北市政府,新北市政府102.2.7北府交安字第10212331711號公告函,,ok,1 ,
51,新北市,瑞芳區,"北35支線
(濱二路部份路段)",102線九號停車場~濱二路28之2路段,"禁行甲類大客車
(假日大客車空車除外)",,新北市政府,新北市政府102.2.7北府交安字第10212331711號公告函,,ok,1 ,
52,新北市,瑞芳區,北36,台2線~102縣道(逢甲路),禁行甲類大客車,,新北市政府,新北市政府102.2.7北府交安字第10212331711號公告函,,ok,1 ,
53,新北市,平溪區,北38,台2丙11k+200至北38線終點,禁行甲、乙類大客車,,新北市政府,新北市政府102.3.14北府交安字第10213508591號公告函,,ok,1 ,
54,新北市,雙溪區  坪林區,北42,下坑~漁光國小,禁行甲類大客車,,新北市政府,新北市政府102.2.7北府交安字第10212331711號公告函,,ok,1 ,
55,新北市,雙溪區  坪林區,北43,南山寺以北路段,禁行甲類大客車,,新北市政府,新北市政府102.2.7北府交安字第10212331711號公告函,,ok,1 ,
56,新北市,平溪區,北43,全線,禁行甲類大客車,,新北市政府,新北市政府102.11.15北府交安字第10230491761號公告函,,ok,1 ,
57,新北市,八里區,北49,全線,禁行甲類大客車,,新北市政府,新北市政府102.2.7北府交安字第10212331711號公告函,,ok,1 ,
58,新北市,八里區,北50,全線,禁行甲類大客車,,新北市政府,新北市政府102.2.7北府交安字第10212331711號公告函,,ok,1 ,
59,新北市,八里區,北51,全線,禁行甲類大客車,,新北市政府,新北市政府102.2.7北府交安字第10212331711號公告函,,ok,1 ,
60,新北市,八里區,北52,全線,禁行甲類大客車,,新北市政府,新北市政府102.12.24北府交安字第10232722641號公告函,,ok,1 ,
61,新北市,八里區,北53,全線,禁行甲類大客車,,新北市政府,新北市政府102.12.24北府交安字第10232722641號公告函,,ok,1 ,
62,新北市,八里區,北54,"0K+200-2K
全線",禁行甲類大客車,,新北市政府,新北市政府102.12.24北府交安字第10232722641號公告函,,ok,1 ,
63,新北市,五股區,北55,全線,禁行甲、乙類大客車,,新北市政府,新北市政府102.3.14北府交安字第10213508591號公告函,,ok,1 ,
64,新北市,五股區,北56孝義路,0k~3k+470（公車除外）,禁行甲類大客車,,新北市政府,新北市政府102.3.14北府交安字第10213508591號公告函,,ok,1 ,
65,新北市,五股區,北57壟鈞路,全線,禁行甲、乙類大客車,,新北市政府,新北市政府102.3.14北府交安字第10213508591號公告函,,ok,1 ,
66,新北市,五股區,北58外寮路,全線,禁行甲、乙類大客車,,新北市政府,新北市政府102.3.14北府交安字第10213508591號公告函,,ok,1 ,
67,新北市,泰山區,北76大科路,全線,禁行甲類大客車,,新北市政府,新北市政府102.3.14北府交安字第10213508591號公告函,,ok,1 ,
68,新北市,三峽區,北102,全線,禁行甲、乙類大客車(公車除外),,新北市政府,新北市政府102.2.7北府交安字第10212331711號公告函,,ok,1 ,
69,新北市,新店區,北105,全線,禁行甲類大客車,,新北市政府,新北市政府102.2.7北府交安字第10212331711號公告函,,ok,1 ,
70,新北市,烏來區,北107,全線,禁行甲類大客車,,新北市政府,新北市政府102.2.7北府交安字第10212331711號公告函,,ok,1 ,
71,新北市,烏來區,北107-1,全線,禁行甲類大客車,,新北市政府,新北市政府102.2.7北府交安字第10212331711號公告函,,ok,1 ,
72,新北市,三峽區,北109,全線,禁行甲類大客車,,新北市政府,新北市政府102.2.7北府交安字第10212331711號公告函,,ok,1 ,
73,新北市,三峽區,北112,全線,禁行甲類大客車,,新北市政府,新北市政府102.2.7北府交安字第10212331711號公告函,,ok,1 ,
74,新北市,林口區,北120,2K~北77-1,禁行甲類大客車,,新北市政府,新北市政府102.2.7北府交安字第10212331711號公告函,,ok,1 ,
75,新北市,瑞芳區,北122,"台2丁~瑞基交界
(瑞竹路圓環起至市界線路段)",禁行甲類大客車,,新北市政府,新北市政府102.2.7北府交安字第10212331711號公告函,,ok,1 ,
76,新北市,中和區,玉皇宮（圓通路369巷）,全線,禁行甲類大客車,,新北市政府,新北市政府102.3.14北府交安字第10213508591號公告函,,ok,1 ,
77,新北市,石門區,崁子腳路,全線,禁行甲類大客車,,新北市政府,新北市政府102.3.14北府交安字第10213508591號公告函,,ok,1 ,
78,新北市,貢寮區,遠望坑街,雙玉里台2丙線~草嶺古道入口處,禁行甲、乙類大客車,,新北市政府,新北市政府102.2.7北府交安字第10212331711號公告函,,ok,1 ,
79,新北市,貢寮區,馬崗街,福連里台2線~三貂角燈塔,禁行甲、乙類大客車,,新北市政府,新北市政府102.2.7北府交安字第10212331711號公告函,,ok,1 ,
80,新北市,貢寮區,水返港街,全線,禁行甲、乙類大客車,,新北市政府,新北市政府102.3.14北府交安字第10213508591號公告函,,ok,1 ,
81,新北市,貢寮區,雞母嶺街,全線,禁行甲、乙類大客車,,新北市政府,新北市政府102.3.14北府交安字第10213508591號公告函,,ok,1 ,
82,新北市,貢寮區,土地公嶺街,全線,禁行甲類大客車,,新北市政府,新北市政府102.11.15北府交安字第10230491761號公告函,,ok,1 ,
83,新北市,貢寮區,巫里岸街,全線,禁行甲、乙類大客車,,新北市政府,新北市政府102.3.14北府交安字第10213508591號公告函,,ok,1 ,
84,新北市,貢寮區,內寮街,0k~8k,禁行甲類大客車,,新北市政府,新北市政府102.3.14北府交安字第10213508591號公告函,,ok,1 ,
85,新北市,貢寮區,文秀坑街,全線,禁行甲類大客車,,新北市政府,新北市政府102.3.14北府交安字第10213508591號公告函,,ok,1 ,
86,新北市,汐止區,夢湖路,全線,禁行甲、乙類大客車,,新北市政府,新北市政府102.2.7北府交安字第10212331711號公告函,,ok,1 ,
87,新北市,汐止區,八連路,八連路1段208號至八連路長青路交叉口,禁行甲類大客車,,新北市政府,新北市政府102.11.15北府交安字第10230491761號公告函,,ok,1 ,
88,新北市,石碇區,塗潭道路,全線,禁行甲、乙類大客車,,新北市政府,新北市政府102.2.7北府交安字第10212331711號公告函,,ok,1 ,
89,新北市,石碇區,直潭道路,全線,禁行甲、乙類大客車,,新北市政府,新北市政府102.2.7北府交安字第10212331711號公告函,,ok,1 ,
90,新北市,平溪區,十分街,68k+130至十分迴車道,禁行甲、乙類大客車,,新北市政府,新北市政府102.3.14北府交安字第10213508591號公告函,,ok,1 ,
91,新北市,瑞芳區,山尖路,瓜山國小~石山橋路段,禁行甲、乙類大客車,,新北市政府,新北市政府102.2.7北府交安字第10212331711號公告函,,ok,1 ,
92,新北市,瑞芳區,山尖路,全線(除瓜山國小~石山橋路段外),禁行甲類大客車,,新北市政府,新北市政府102.2.7北府交安字第10212331711號公告函,,ok,1 ,
93,新北市,瑞芳區,長仁路,北34線黃金舖~長仁社區,禁行甲類大客車,,新北市政府,新北市政府102.2.7北府交安字第10212331711號公告函,,ok,1 ,
94,新北市,瑞芳區,明里路,台2線-威遠廟,禁行甲類大客車,,新北市政府,新北市政府102.2.7北府交安字第10212331711號公告函,,ok,1 ,
95,新北市,瑞芳區,大寮路63巷,102線~大寮路63巷2之3號,禁行甲類大客車,,新北市政府,新北市政府102.2.7北府交安字第10212331711號公告函,,ok,1 ,
96,新北市,瑞芳區,猴碩公路,猴硐介壽橋~碩仁金宇橋,禁行甲類大客車,,新北市政府,新北市政府102.2.7北府交安字第10212331711號公告函,,ok,1 ,
97,新北市,瑞芳區,崙頂路,102線-九份國小,禁行甲、乙類大客車,,新北市政府,新北市政府102.2.7北府交安字第10212331711號公告函,,ok,1 ,
98,新北市,瑞芳區,輕便路,102線,禁行甲、乙類大客車,,新北市政府,新北市政府102.2.7北府交安字第10212331711號公告函,,ok,1 ,
99,新北市,瑞芳區,半嶺路,北37線~大粗坑觀光步道,禁行甲、乙類大客車,,新北市政府,新北市政府102.2.7北府交安字第10212331711號公告函,,ok,1 ,
100,新北市,瑞芳區,尪仔上天路,大寮路63巷~尪仔上天路1之1號,禁行甲、乙類大客車,,新北市政府,新北市政府102.2.7北府交安字第10212331711號公告函,,ok,1 ,
101,新北市,土城區,大暖路,全線,禁行甲、乙類大客車,,新北市政府,新北市政府102.2.7北府交安字第10212331711號公告函,,ok,1 ,
102,新北市,土城區,大暖坑路,全線,禁行甲、乙類大客車,,新北市政府,新北市政府102.2.7北府交安字第10212331711號公告函,,ok,1 ,
103,新北市,土城區,永寧路,永豐路與北二高涵洞起,禁行甲、乙類大客車,,新北市政府,新北市政府102.2.7北府交安字第10212331711號公告函,,ok,1 ,
104,新北市,土城區,永和街,全線,禁行甲、乙類大客車,,新北市政府,新北市政府102.2.7北府交安字第10212331711號公告函,,ok,1 ,
105,新北市,土城區,青雲路,青雲路與石門路口起,禁行甲、乙類大客車,,新北市政府,新北市政府102.2.7北府交安字第10212331711號公告函,,ok,1 ,
106,新北市,土城區,石門路,全線,禁行甲、乙類大客車,,新北市政府,新北市政府102.2.7北府交安字第10212331711號公告函,,ok,1 ,
107,新北市,土城區,國際路,國際路55號起,禁行甲、乙類大客車,,新北市政府,新北市政府102.2.7北府交安字第10212331711號公告函,,ok,1 ,
108,新北市,土城區,永豐路,永豐路與北二高涵洞起,禁行甲、乙類大客車,,新北市政府,新北市政府102.2.7北府交安字第10212331711號公告函,,ok,1 ,
109,新北市,樹林區,保安街,保安街2段45巷至大同山,禁行甲、乙類大客車,,新北市政府,新北市政府102.3.14北府交安字第10213508591號公告函,,ok,1 ,
110,新北市,三重區,重安街,中正南路至環河南路，忠孝橋往臺北市匝道之南側側車道,103年1月29日起，全日管制15噸以上大貨車及甲類大客車通行,,新北市政府,新北市政府102.12.18北府交安字第10232673041號公告函,,,,
111,新北市,八里區,龍形三街,全線,禁行甲、乙類大客車,,新北市政府,新北市政府102.4.30北府交安字第10217142531號公告函,,ok,1 ,
112,新北市,八里區,舊城松仔腳21鄰前道路,全線,禁行甲、乙類大客車,,新北市政府,新北市政府102.4.30北府交安字第10217142531號公告函,,ok,1 ,
113,新北市,八里區,龍米路二段117巷,全線,禁行甲、乙類大客車,,新北市政府,新北市政府102.4.30北府交安字第10217142531號公告函,,ok,1 ,
114,新北市,八里區,龍米路二段159巷,全線,禁行甲、乙類大客車,,新北市政府,新北市政府102.4.30北府交安字第10217142531號公告函,,ok,1 ,
115,新北市,八里區,龍米路三段45巷旁道路（至渡船頭往牛寮埔產業道路）,全線,禁行甲、乙類大客車,,新北市政府,新北市政府102.4.30北府交安字第10217142531號公告函,,ok,1 ,
116,新北市,八里區,中華路一段309巷、中華路一段77號旁巷口,全線,禁行甲、乙類大客車,,新北市政府,新北市政府102.4.30北府交安字第10217142531號公告函,,ok,1 ,
117,新北市,八里區,中華路二段205巷,全線,禁行甲、乙類大客車,,新北市政府,新北市政府102.4.30北府交安字第10217142531號公告函,,ok,1 ,
118,新北市,雙溪區,農北雙007,泰和街、雙泰,禁行甲類大客車,,新北市政府,新北市政府102.2.7北府交安字第10212331711號公告函,,ok,1 ,
119,新北市,雙溪區,農北雙014,三叉坑,禁行甲類大客車,,新北市政府,新北市政府102.2.7北府交安字第10212331711號公告函,,ok,1 ,
120,新北市,三峽區,農北峽001,茅草湖,禁行甲、乙類大客車,,新北市政府,新北市政府102.2.7北府交安字第10212331711號公告函,,ok,1 ,
121,新北市,三峽區,農北峽003,建安路－三層坪,禁行甲、乙類大客車,,新北市政府,新北市政府102.2.7北府交安字第10212331711號公告函,,ok,1 ,
122,新北市,三峽區,農北峽006,竹崙支線、牛角坑路24巷,禁行甲、乙類大客車,,新北市政府,新北市政府102.2.7北府交安字第10212331711號公告函,,ok,1,
123,新北市,三峽區,農北峽007,內插角路,禁行甲、乙類大客車,,新北市政府,新北市政府102.2.7北府交安字第10212331711號公告函,,ok,1 ,
124,新北市,三峽區,農北峽008,暗鞍、內插角產業道路,禁行甲、乙類大客車,,新北市政府,新北市政府102.2.7北府交安字第10212331711號公告函,,ok,1 ,
125,新北市,三峽區,農北峽010,西熊空、竹崙路216巷,禁行甲、乙類大客車,,新北市政府,新北市政府102.2.7北府交安字第10212331711號公告函,,ok,1 ,
126,新北市,三峽區,農北峽012,插角、金龍橋,禁行甲、乙類大客車,,新北市政府,新北市政府102.2.7北府交安字第10212331711號公告函,,ok,1 ,
127,新北市,三峽區,農北峽013,"
金圳、金敏產業道路",禁行甲、乙類大客車,,新北市政府,新北市政府102.2.7北府交安字第10212331711號公告函,,ok,1 ,
128,新北市,三峽區,農北峽017,"
中坑產業道路",禁行甲、乙類大客車,,新北市政府,新北市政府102.2.7北府交安字第10212331711號公告函,,ok,1 ,
129,新北市,三峽區,農北峽016,"
外詩朗農路",禁行甲、乙類大客車,,新北市政府,新北市政府102.2.7北府交安字第10212331711號公告函,,ok,1 ,
130,新北市,三峽區,農北峽018,"
內詩朗產業道路",禁行甲、乙類大客車,,新北市政府,新北市政府102.2.7北府交安字第10212331711號公告函,,ok,1 ,
131,新北市,三峽區,農北峽019,"
內詩朗產業道路",禁行甲、乙類大客車,,新北市政府,新北市政府102.2.7北府交安字第10212331711號公告函,,ok,1 ,
132,新北市,三峽區,"五寮里10鄰農路
",黎明橋,禁行甲、乙類大客車,,新北市政府,新北市政府102.2.7北府交安字第10212331711號公告函,,ok,1 ,
133,新北市,三峽區,有木里水車寮農路,"
水車寮產業道路",禁行甲、乙類大客車,,新北市政府,新北市政府102.2.7北府交安字第10212331711號公告函,,ok,1 ,
134,新北市,三峽區,插角里8鄰農路,,禁行甲、乙類大客車,,新北市政府,新北市政府102.2.7北府交安字第10212331711號公告函,,ok,1 ,
135,新北市,三峽區,插角里9鄰農路,,禁行甲、乙類大客車,,新北市政府,新北市政府102.2.7北府交安字第10212331711號公告函,,ok,1 ,
136,新北市,三峽區,安坑農路,,禁行甲、乙類大客車,,新北市政府,新北市政府102.2.7北府交安字第10212331711號公告函,,ok,1 ,
137,新北市,三峽區,頭寮坑路,,禁行甲、乙類大客車,,新北市政府,新北市政府102.2.7北府交安字第10212331711號公告函,,ok,1 ,
138,新北市,三峽區,白石鞍路,,禁行甲、乙類大客車,,新北市政府,新北市政府102.2.7北府交安字第10212331711號公告函,,ok,1 ,
139,新北市,三峽區,金圳里外插角金敏產業道路,,禁行甲、乙類大客車,,新北市政府,新北市政府102.2.7北府交安字第10212331711號公告函,,ok,1 ,
140,新北市,三峽區,有木里水車寮路,,禁行甲、乙類大客車,,新北市政府,新北市政府102.2.7北府交安字第10212331711號公告函,,ok,1 ,
141,新北市,三峽區,有木里合益路,,禁行甲、乙類大客車,,新北市政府,新北市政府102.2.7北府交安字第10212331711號公告函,,ok,1 ,
142,新北市,三峽區,有木里大營路,,禁行甲、乙類大客車,,新北市政府,新北市政府102.2.7北府交安字第10212331711號公告函,,ok,1 ,
143,新北市,三峽區,有木里明山路,,禁行甲、乙類大客車,,新北市政府,新北市政府102.2.7北府交安字第10212331711號公告函,,ok,1 ,
144,新北市,三峽區,有木里紅龜面,,禁行甲、乙類大客車,,新北市政府,新北市政府102.2.7北府交安字第10212331711號公告函,,ok,1 ,
145,新北市,三峽區,內詩朗外詩朗農路（12鄰）,,禁行甲、乙類大客車,,新北市政府,新北市政府102.2.7北府交安字第10212331711號公告函,,ok,1 ,
146,新北市,三峽區,五寮里14鄰內詩朗產業道路,,禁行甲、乙類大客車,,新北市政府,新北市政府102.2.7北府交安字第10212331711號公告函,,ok,1 ,
147,新北市,三峽區,五寮里15鄰,,禁行甲、乙類大客車,,新北市政府,新北市政府102.2.7北府交安字第10212331711號公告函,,ok,1 ,
148,新北市,三峽區,五寮里3鄰接11鄰,,禁行甲、乙類大客車,,新北市政府,新北市政府102.2.7北府交安字第10212331711號公告函,,ok,1 ,
149,新北市,三峽區,粗坑農路,起點：介壽路二段138巷1弄98-4號,禁行甲、乙類大客車,,新北市政府,新北市政府102.2.7北府交安字第10212331711號公告函,,ok,1 ,
150,新北市,土城區,農北土001,龍泉路,禁行甲、乙類大客車,,新北市政府,新北市政府102.2.7北府交安字第10212331711號公告函,,ok,1 ,
151,新北市,土城區,農北土045,忠義路,禁行甲、乙類大客車,,新北市政府,新北市政府102.2.7北府交安字第10212331711號公告函,,ok,1 ,
152,新北市,土城區,農北土峽002,南天母路、承天路、樟康湖,禁行甲、乙類大客車,,新北市政府,新北市政府102.2.7北府交安字第10212331711號公告函,,ok,1 ,
153,新北市,樹林區,農北樹001,三寶街、忠義街、光明產業道路,禁行甲、乙類大客車,,新北市政府,新北市政府102.2.7北府交安字第10212331711號公告函,,ok,1 ,
154,新北市,樹林區,農北樹002,東和街,禁行甲、乙類大客車,,新北市政府,新北市政府102.2.7北府交安字第10212331711號公告函,,ok,1 ,
155,新北市,樹林區,農北樹003,信和街、德和街、東和街,禁行甲、乙類大客車,,新北市政府,新北市政府102.2.7北府交安字第10212331711號公告函,,ok,1 ,
156,新北市,樹林區,農北樹005,東和街,禁行甲、乙類大客車,,新北市政府,新北市政府102.2.7北府交安字第10212331711號公告函,,ok,1 ,
157,新北市,樹林區,農北樹007,田尾街,禁行甲、乙類大客車,,新北市政府,新北市政府102.2.7北府交安字第10212331711號公告函,,ok,1 ,
158,新北市,鶯歌區,農北鶯002,中正三路420巷對面,禁行甲、乙類大客車,,新北市政府,新北市政府102.2.7北府交安字第10212331711號公告函,,ok,1 ,
159,新北市,鶯歌區,鶯桃路296巷農路,鶯桃路296巷,禁行甲、乙類大客車,,新北市政府,新北市政府102.2.7北府交安字第10212331711號公告函,,ok,1 ,
160,新北市,林口區,農北林001,嘉寶,禁行甲、乙類大客車,,新北市政府,新北市政府102.2.7北府交安字第10212331711號公告函,,ok,1 ,
161,新北市,林口區,農北林002,頂福,禁行甲、乙類大客車,,新北市政府,新北市政府102.2.7北府交安字第10212331711號公告函,,ok,1 ,
162,新北市,泰山區,農北泰001,大科路－錢厝坑,禁行甲、乙類大客車,,新北市政府,新北市政府102.2.7北府交安字第10212331711號公告函,,ok,1 ,
163,新北市,泰山區,農北泰001-1,大科路－柯厝坑,禁行甲、乙類大客車,,新北市政府,新北市政府102.2.7北府交安字第10212331711號公告函,,ok,1 ,
164,新北市,八里區,農北八001,楓林坑路,禁行甲、乙類大客車,,新北市政府,新北市政府102.2.7北府交安字第10212331711號公告函,,ok,1 ,
165,新北市,八里區,農北八003,荖阡,禁行甲、乙類大客車,,新北市政府,新北市政府102.2.7北府交安字第10212331711號公告函,,ok,1 ,
166,新北市,八里區,農北八044,"荖阡(八里教養院)
全線",禁行甲類大客車,,新北市政府,新北市政府102.12.24北府交安字第10232722641號公告函,,,,
167,新北市,八里區,龍米農路,龍米路2段117巷,禁行甲、乙類大客車,,新北市政府,新北市政府102.2.7北府交安字第10212331711號公告函,,ok,1 ,
168,新北市,三芝區,農北芝001,橫山,禁行甲、乙類大客車,,新北市政府,新北市政府102.2.7北府交安字第10212331711號公告函,,ok,1 ,
169,新北市,三芝區,農北芝002,圓山－二坪頂,禁行甲、乙類大客車,,新北市政府,新北市政府102.2.7北府交安字第10212331711號公告函,,ok,1 ,
170,新北市,三芝區,農北芝003,二坪頂,禁行甲、乙類大客車,,新北市政府,新北市政府102.2.7北府交安字第10212331711號公告函,,ok,1 ,
171,新北市,三芝區,農北芝005,興華,禁行甲、乙類大客車,,新北市政府,新北市政府102.2.7北府交安字第10212331711號公告函,,ok,1 ,
172,新北市,三芝區,農北芝006,店興,禁行甲、乙類大客車,,新北市政府,新北市政府102.2.7北府交安字第10212331711號公告函,,ok,1 ,
173,新北市,三芝區,農北芝007,青山,禁行甲、乙類大客車,,新北市政府,新北市政府102.2.7北府交安字第10212331711號公告函,,ok,1 ,
174,新北市,三芝區,農北芝007-1,二坪頂,禁行甲、乙類大客車,,新北市政府,新北市政府102.2.7北府交安字第10212331711號公告函,,ok,1 ,
175,新北市,三芝區,農北芝008,後店－圓山,禁行甲、乙類大客車,,新北市政府,新北市政府102.2.7北府交安字第10212331711號公告函,,ok,1 ,
176,新北市,淡水區,農北淡001,桂竹圍,禁行甲類大客車,,新北市政府,新北市政府102.11.15北府交安字第10230491761號公告函,,ok,1 ,
177,新北市,淡水區,農北淡002,小中寮,禁行甲類大客車,,新北市政府,新北市政府102.11.15北府交安字第10230491761號公告函,,ok,1 ,
178,新北市,淡水區,農北淡003,小中寮,禁行甲類大客車,,新北市政府,新北市政府102.11.15北府交安字第10230491761號公告函,,ok,1 ,
179,新北市,淡水區,農北淡004,三空泉－中路,禁行甲類大客車,,新北市政府,新北市政府102.11.15北府交安字第10230491761號公告函,,ok,1 ,
180,新北市,淡水區,農北淡006,破瓦厝－大竹圍,禁行甲類大客車,,新北市政府,新北市政府102.11.15北府交安字第10230491761號公告函,,ok,1 ,
181,新北市,淡水區,農北淡芝005,草埔尾－龜子山,禁行甲、乙類大客車,,新北市政府,新北市政府102.2.7北府交安字第10212331711號公告函,,ok,1 ,
182,新北市,淡水區,番薯里農路,南平20－28號,禁行甲、乙類大客車,,新北市政府,新北市政府102.2.7北府交安字第10212331711號公告函,,ok,1 ,
183,新北市,石門區,富基里農路,崁仔腳39號,禁行甲、乙類大客車,,新北市政府,新北市政府102.2.7北府交安字第10212331711號公告函,,ok,1 ,
184,新北市,金山區,農北金002,"環湖
全線",禁行甲類大客車,,新北市政府,新北市政府102.12.24北府交安字第10232722641號公告函,,ok,1 ,
185,新北市,金山區,農北金003,坑內,禁行甲、乙類大客車,,新北市政府,新北市政府102.2.7北府交安字第10212331711號公告函,,ok,1 ,
186,新北市,金山區,農北金006,三和,禁行甲類大客車,,新北市政府,新北市政府102.12.24北府交安字第10232722641號公告函,,ok,1 ,
187,新北市,金山區,農北金007,五湖,禁行甲、乙類大客車,,新北市政府,新北市政府102.2.7北府交安字第10212331711號公告函,,ok,1 ,
188,新北市,金山區,磺溪頭農路,磺溪頭,禁行甲、乙類大客車,,新北市政府,新北市政府102.2.7北府交安字第10212331711號公告函,,ok,1 ,
189,新北市,萬里區,農北萬001,清水坑,禁行甲、乙類大客車,,新北市政府,新北市政府102.2.7北府交安字第10212331711號公告函,,ok,1 ,
190,新北市,萬里區,農北萬002,上員潭,禁行甲、乙類大客車,,新北市政府,新北市政府102.2.7北府交安字第10212331711號公告函,,ok,1 ,
191,新北市,萬里區,農北萬006,烏基,禁行甲、乙類大客車,,新北市政府,新北市政府102.2.7北府交安字第10212331711號公告函,,ok,1 ,
192,新北市,萬里區,農北萬006-1,烏基,禁行甲、乙類大客車,,新北市政府,新北市政府102.2.7北府交安字第10212331711號公告函,,ok,1 ,
193,新北市,萬里區,溪底里2鄰農路,香員林,禁行甲、乙類大客車,,新北市政府,新北市政府102.2.7北府交安字第10212331711號公告函,,ok,1 ,
194,新北市,萬里區,鹿崛坪農路,鹿崛坪,禁行甲、乙類大客車,,新北市政府,新北市政府102.2.7北府交安字第10212331711號公告函,,ok,1 ,
195,新北市,萬里區,烏塗炭溪底里,烏塗炭,禁行甲、乙類大客車,,新北市政府,新北市政府102.2.7北府交安字第10212331711號公告函,,ok,1 ,
196,新北市,汐止區,農北汐001,夢湖路,禁行甲、乙類大客車,,新北市政府,新北市政府102.2.7北府交安字第10212331711號公告函,,ok,1 ,
197,新北市,汐止區,農北汐002,"全線
（八連路三段230號）",禁行甲類大客車,,新北市政府,新北市政府102.11.15北府交安字第10230491761號公告函,,ok,1 ,
198,新北市,汐止區,農北汐003,"全線
（八連路二段620號前道路）",禁行甲類大客車,,新北市政府,新北市政府102.11.15北府交安字第10230491761號公告函,,ok,1 ,
199,新北市,汐止區,農北汐004,汐萬路三段310號旁,禁行甲、乙類大客車,,新北市政府,新北市政府102.2.7北府交安字第10212331711號公告函,,ok,1 ,
200,新北市,汐止區,農北汐005,八連路二段329巷,禁行甲、乙類大客車,,新北市政府,新北市政府102.2.7北府交安字第10212331711號公告函,,ok,1 ,
201,新北市,汐止區,農北汐006,八連路二段350巷,禁行甲、乙類大客車,,新北市政府,新北市政府102.2.7北府交安字第10212331711號公告函,,ok,1 ,
202,新北市,汐止區,農北汐007,汐碇路375巷,禁行甲、乙類大客車,,新北市政府,新北市政府102.2.7北府交安字第10212331711號公告函,,ok,1 ,
203,新北市,汐止區,農北汐008,四分尾農路,禁行甲、乙類大客車,,新北市政府,新北市政府102.2.7北府交安字第10212331711號公告函,,ok,1 ,
204,新北市,汐止區,農北汐009,茄福街310巷起,禁行甲、乙類大客車,,新北市政府,新北市政府102.2.7北府交安字第10212331711號公告函,,ok,1 ,
205,新北市,汐止區,農北汐010,內曾路,禁行甲、乙類大客車,,新北市政府,新北市政府102.2.7北府交安字第10212331711號公告函,,ok,1 ,
206,新北市,汐止區,農北汐012,汐碇路436巷往前536巷,禁行甲、乙類大客車,,新北市政府,新北市政府102.2.7北府交安字第10212331711號公告函,,ok,1 ,
207,新北市,汐止區,農北汐013,"全線
（鵠鵠崙路及小坑路）",禁行甲類大客車,,新北市政府,新北市政府102.11.15北府交安字第10230491761號公告函,,ok,1 ,
208,新北市,瑞芳區,農北瑞002,水源地,禁行甲、乙類大客車,,新北市政府,新北市政府102.2.7北府交安字第10212331711號公告函,,ok,1 ,
209,新北市,瑞芳區,農北瑞003,粗坑口,禁行甲、乙類大客車,,新北市政府,新北市政府102.2.7北府交安字第10212331711號公告函,,ok,1 ,
210,新北市,瑞芳區,農北瑞004,滴水仔,禁行甲、乙類大客車,,新北市政府,新北市政府102.2.7北府交安字第10212331711號公告函,,ok,1 ,
211,新北市,瑞芳區,農北瑞005,八分寮頂,禁行甲、乙類大客車,,新北市政府,新北市政府102.2.7北府交安字第10212331711號公告函,,ok,1 ,
212,新北市,瑞芳區,農北瑞007,石壁坑,禁行甲、乙類大客車,,新北市政府,新北市政府102.2.7北府交安字第10212331711號公告函,,ok,1 ,
213,新北市,平溪區,農北平001,望古嶺腳,禁行甲、乙類大客車,,新北市政府,新北市政府102.2.7北府交安字第10212331711號公告函,,ok,1 ,
214,新北市,平溪區,農北平002,五分寮,禁行甲、乙類大客車,,新北市政府,新北市政府102.2.7北府交安字第10212331711號公告函,,ok,1 ,
215,新北市,平溪區,農北平004,景民,禁行甲、乙類大客車,,新北市政府,新北市政府102.2.7北府交安字第10212331711號公告函,,ok,1 ,
216,新北市,平溪區,農北平007,大華,禁行甲、乙類大客車,,新北市政府,新北市政府102.2.7北府交安字第10212331711號公告函,,ok,1 ,
217,新北市,平溪區,農北平008,一坑,禁行甲、乙類大客車,,新北市政府,新北市政府102.2.7北府交安字第10212331711號公告函,,ok,1 ,
218,新北市,平溪區,農北平009,東勢格,禁行甲、乙類大客車,,新北市政府,新北市政府102.2.7北府交安字第10212331711號公告函,,ok,1 ,
219,新北市,平溪區,農北平010,東勢格,禁行甲、乙類大客車,,新北市政府,新北市政府102.2.7北府交安字第10212331711號公告函,,ok,1 ,
220,新北市,平溪區,農北平013,芊蓁坑,禁行甲、乙類大客車,,新北市政府,新北市政府102.2.7北府交安字第10212331711號公告函,,ok,1 ,
221,新北市,平溪區,農北平015,火燒寮,禁行甲、乙類大客車,,新北市政府,新北市政府102.2.7北府交安字第10212331711號公告函,,ok,1 ,
222,新北市,平溪區,農北平017,平湖,禁行甲、乙類大客車,,新北市政府,新北市政府102.2.7北府交安字第10212331711號公告函,,ok,1 ,
223,新北市,平溪區,農北平020,?東,禁行甲、乙類大客車,,新北市政府,新北市政府102.2.7北府交安字第10212331711號公告函,,ok,1 ,
224,新北市,平溪區,農北平041,灰窯,禁行甲、乙類大客車,,新北市政府,新北市政府102.2.7北府交安字第10212331711號公告函,,ok,1 ,
225,新北市,平溪區,平高農路,平高,禁行甲、乙類大客車,,新北市政府,新北市政府102.2.7北府交安字第10212331711號公告函,,ok,1 ,
226,新北市,平溪區,番子坑農路,全線,禁行甲、乙類大客車,,新北市政府,新北市政府102.3.14北府交安字第10213508591號公告函,,,,
227,新北市,平溪區,平新農路,全線,禁行甲、乙類大客車,,新北市政府,新北市政府102.3.14北府交安字第10213508591號公告函,,,,
228,新北市,平溪區,石灼坑農路,全線,禁行甲、乙類大客車,,新北市政府,新北市政府102.3.14北府交安字第10213508591號公告函,,,,
229,新北市,平溪區,南山農路,全線,禁行甲、乙類大客車,,新北市政府,新北市政府102.3.14北府交安字第10213508591號公告函,,,,
230,新北市,雙溪區,農北雙001,青雲路,禁行甲、乙類大客車,,新北市政府,新北市政府102.2.7北府交安字第10212331711號公告函,,ok,1 ,
231,新北市,雙溪區,農北雙003,后番子坑,禁行甲、乙類大客車,,新北市政府,新北市政府102.2.7北府交安字第10212331711號公告函,,ok,1 ,
232,新北市,雙溪區,農北雙004,竹寮坑,禁行甲、乙類大客車,,新北市政府,新北市政府102.2.7北府交安字第10212331711號公告函,,ok,1 ,
233,新北市,雙溪區,農北雙008,"新基東街、九份坑
全線",禁行甲類大客車,,新北市政府,新北市政府102.12.24北府交安字第10232722641號公告函,,ok,1 ,
234,新北市,雙溪區,農北雙011,"盤山坑
全線",禁行甲類大客車,,新北市政府,新北市政府102.12.24北府交安字第10232722641號公告函,,ok,1 ,
235,新北市,雙溪區,農北雙013,"內柑腳
全線",禁行甲類大客車,,新北市政府,新北市政府102.12.24北府交安字第10232722641號公告函,,ok,1 ,
236,新北市,雙溪區,農北雙015,丁子蘭坑,禁行甲、乙類大客車,,新北市政府,新北市政府102.2.7北府交安字第10212331711號公告函,,ok,1 ,
237,新北市,雙溪區,農北雙016,畚箕湖,禁行甲、乙類大客車,,新北市政府,新北市政府102.2.7北府交安字第10212331711號公告函,,ok,1 ,
238,新北市,雙溪區,農北雙017,芊蓁坑,禁行甲、乙類大客車,,新北市政府,新北市政府102.2.7北府交安字第10212331711號公告函,,ok,1 ,
239,新北市,雙溪區,農北雙坪019,烏山路,禁行甲、乙類大客車,,新北市政府,新北市政府102.2.7北府交安字第10212331711號公告函,,ok,1 ,
240,新北市,雙溪區,農北雙020,灣潭山,禁行甲、乙類大客車,,新北市政府,新北市政府102.2.7北府交安字第10212331711號公告函,,ok,1 ,
241,新北市,雙溪區,農北雙021,"灣潭
全線",禁行甲類大客車,,新北市政府,新北市政府102.12.24北府交安字第10232722641號公告函,,ok,1 ,
242,新北市,雙溪區,烏山農路,烏山,禁行甲、乙類大客車,,新北市政府,新北市政府102.2.7北府交安字第10212331711號公告函,,ok,1 ,
243,新北市,貢寮區,農北貢001,北勢坑,禁行甲、乙類大客車,,新北市政府,新北市政府102.2.7北府交安字第10212331711號公告函,,ok,1 ,
244,新北市,貢寮區,農北貢002,尖山堀,禁行甲、乙類大客車,,新北市政府,新北市政府102.2.7北府交安字第10212331711號公告函,,ok,1 ,
245,新北市,貢寮區,農北貢003,"吉林
全線",禁行甲類大客車,,新北市政府,新北市政府102.12.24北府交安字第10232722641號公告函,,ok,1 ,
246,新北市,貢寮區,農北貢004,風櫃斗,禁行甲、乙類大客車,,新北市政府,新北市政府102.2.7北府交安字第10212331711號公告函,,ok,1 ,
247,新北市,貢寮區,農北貢005,德心農路,禁行甲、乙類大客車,,新北市政府,新北市政府102.2.7北府交安字第10212331711號公告函,,ok,1 ,
248,新北市,貢寮區,農北貢006,龍崗,禁行甲、乙類大客車,,新北市政府,新北市政府102.2.7北府交安字第10212331711號公告函,,ok,1 ,
249,新北市,貢寮區,農北貢007,虎子山,禁行甲、乙類大客車,,新北市政府,新北市政府102.2.7北府交安字第10212331711號公告函,,ok,1 ,
250,新北市,貢寮區,農北貢008,內隆,禁行甲、乙類大客車,,新北市政府,新北市政府102.2.7北府交安字第10212331711號公告函,,ok,1 ,
251,新北市,貢寮區,農北貢009,卯鯉山,禁行甲、乙類大客車,,新北市政府,新北市政府102.2.7北府交安字第10212331711號公告函,,ok,1 ,
252,新北市,貢寮區,農北貢010,丁仔蘭,禁行甲、乙類大客車,,新北市政府,新北市政府102.2.7北府交安字第10212331711號公告函,,ok,1 ,
253,新北市,貢寮區,農北貢011,赤皮寮,禁行甲、乙類大客車,,新北市政府,新北市政府102.2.7北府交安字第10212331711號公告函,,ok,1 ,
254,新北市,貢寮區,農北貢012,尪仔嶺,禁行甲、乙類大客車,,新北市政府,新北市政府102.2.7北府交安字第10212331711號公告函,,ok,1 ,
255,新北市,貢寮區,農北貢013,眉月寮,禁行甲、乙類大客車,,新北市政府,新北市政府102.2.7北府交安字第10212331711號公告函,,ok,1 ,
256,新北市,貢寮區,農北貢014,下坪,禁行甲、乙類大客車,,新北市政府,新北市政府102.2.7北府交安字第10212331711號公告函,,ok,1 ,
257,新北市,貢寮區,農北貢015,"龍崗石壁坑
全線",禁行甲類大客車,,新北市政府,新北市政府102.12.24北府交安字第10232722641號公告函,,ok,1 ,
258,新北市,貢寮區,農北貢016,內坑,禁行甲、乙類大客車,,新北市政府,新北市政府102.2.7北府交安字第10212331711號公告函,,ok,1 ,
259,新北市,新店區,農北店001,太平-黃家(土崎頭）,禁行甲、乙類大客車,,新北市政府,新北市政府102.2.7北府交安字第10212331711號公告函,,ok,1 ,
260,新北市,新店區,農北店002,四份子,禁行甲、乙類大客車,,新北市政府,新北市政府102.2.7北府交安字第10212331711號公告函,,ok,1 ,
261,新北市,新店區,農北店003,永福路,禁行甲類大客車,,新北市政府,新北市政府102.11.15北府交安字第10230491761號公告函,,ok,1 ,
262,新北市,新店區,農北店004,雙峰路,禁行甲、乙類大客車,,新北市政府,新北市政府102.2.7北府交安字第10212331711號公告函,,ok,1 ,
263,新北市,新店區,農北店005,小坑一路,禁行甲、乙類大客車,,新北市政府,新北市政府102.2.7北府交安字第10212331711號公告函,,ok,1 ,
264,新北市,新店區,農北店006,平廣路-陳宅,禁行甲、乙類大客車,,新北市政府,新北市政府102.2.7北府交安字第10212331711號公告函,,ok,1 ,
265,新北市,新店區,農北店007,廣興路-平廣路,禁行甲類大客車,,新北市政府,新北市政府102.11.15北府交安字第10230491761號公告函,,ok,1 ,
266,新北市,新店區,農北店010,十二份產業道路,禁行甲、乙類大客車,,新北市政府,新北市政府102.2.7北府交安字第10212331711號公告函,,ok,1 ,
267,新北市,新店區,翠峰路,翠峰路,禁行甲、乙類大客車,,新北市政府,新北市政府102.2.7北府交安字第10212331711號公告函,,ok,1 ,
268,新北市,新店區,銀河路,銀河路,禁行甲、乙類大客車,,新北市政府,新北市政府102.2.7北府交安字第10212331711號公告函,,ok,1 ,
269,新北市,深坑區,農北深002,"昇高坑路
1k~終點",禁行甲、乙類大客車,,新北市政府,新北市政府102.12.24北府交安字第10232722641號公告函,,ok,1 ,
270,新北市,石碇區,農北碇001,獅子頭,禁行甲、乙類大客車,,新北市政府,新北市政府102.2.7北府交安字第10212331711號公告函,,ok,1 ,
271,新北市,石碇區,農北碇002,光明,禁行甲、乙類大客車,,新北市政府,新北市政府102.2.7北府交安字第10212331711號公告函,,ok,1 ,
272,新北市,石碇區,農北碇003,深按,禁行甲、乙類大客車,,新北市政府,新北市政府102.2.7北府交安字第10212331711號公告函,,ok,1 ,
273,新北市,石碇區,農北碇004,雙十,禁行甲、乙類大客車,,新北市政府,新北市政府102.2.7北府交安字第10212331711號公告函,,ok,1 ,
274,新北市,石碇區,農北碇005,皇帝殿,禁行甲、乙類大客車,,新北市政府,新北市政府102.2.7北府交安字第10212331711號公告函,,ok,1 ,
275,新北市,石碇區,農北碇006,南勢坑,禁行甲、乙類大客車,,新北市政府,新北市政府102.2.7北府交安字第10212331711號公告函,,ok,1 ,
276,新北市,石碇區,農北碇007,中央坑,禁行甲類大客車,,新北市政府,新北市政府102.11.15北府交安字第10230491761號公告函,,ok,1 ,
277,新北市,石碇區,農北碇008,玉桂嶺,禁行甲類大客車,,新北市政府,新北市政府102.11.15北府交安字第10230491761號公告函,,ok,1 ,
278,新北市,石碇區,農北碇009,山羊洞,禁行甲類大客車,,新北市政府,新北市政府102.11.15北府交安字第10230491761號公告函,,ok,1 ,
279,新北市,石碇區,農北碇012,七分尾道路,禁行甲類大客車,,新北市政府,新北市政府102.11.15北府交安字第10230491761號公告函,,ok,1 ,
280,新北市,石碇區,農北碇013,橫坪,禁行甲、乙類大客車,,新北市政府,新北市政府102.2.7北府交安字第10212331711號公告函,,ok,1 ,
281,新北市,石碇區,農北碇014,豐彭,禁行甲類大客車,,新北市政府,新北市政府102.11.15北府交安字第10230491761號公告函,,ok,1 ,
282,新北市,石碇區,農北碇016,半路店,禁行甲類大客車,,新北市政府,新北市政府102.2.7北府交安字第10212331711號公告函,,ok,1 ,
283,新北市,石碇區,農北碇017,小格頭,禁行甲、乙類大客車,,新北市政府,新北市政府102.2.7北府交安字第10212331711號公告函,,ok,1 ,
284,新北市,石碇區,農北碇平015,峰頭,禁行甲、乙類大客車,,新北市政府,新北市政府102.2.7北府交安字第10212331711號公告函,,ok,1 ,
285,新北市,石碇區,員潭子坑農路,員潭子坑,禁行甲、乙類大客車,,新北市政府,新北市政府102.2.7北府交安字第10212331711號公告函,,ok,1 ,
286,新北市,石碇區,豐彭農路,豐彭,禁行甲類大客車,,新北市政府,新北市政府102.11.15北府交安字第10230491761號公告函,,ok,1 ,
287,新北市,石碇區,大湖農路,大湖,禁行甲、乙類大客車,,新北市政府,新北市政府102.2.7北府交安字第10212331711號公告函,,ok,1 ,
288,新北市,石碇區,坑內農路,坑內,禁行甲、乙類大客車,,新北市政府,新北市政府102.2.7北府交安字第10212331711號公告函,,ok,1 ,
289,新北市,石碇區,小粗坑農路,崙尾寮,禁行甲、乙類大客車,,新北市政府,新北市政府102.2.7北府交安字第10212331711號公告函,,ok,1 ,
290,新北市,石碇區,湳窟農路,湳窟,禁行甲類大客車,,新北市政府,新北市政府102.11.15北府交安字第10230491761號公告函,,ok,1 ,
291,新北市,石碇區,竹坑農路,竹坑,禁行甲、乙類大客車,,新北市政府,新北市政府102.2.7北府交安字第10212331711號公告函,,ok,1 ,
292,新北市,石碇區,潭腰農路,潭腰,禁行甲、乙類大客車,,新北市政府,新北市政府102.2.7北府交安字第10212331711號公告函,,ok,1 ,
293,新北市,坪林區,農北坪001,樟空子,禁行甲、乙類大客車,,新北市政府,新北市政府102.2.7北府交安字第10212331711號公告函,,ok,1 ,
294,新北市,坪林區,農北坪002,乾溪支線,禁行甲、乙類大客車,,新北市政府,新北市政府102.2.7北府交安字第10212331711號公告函,,ok,1 ,
295,新北市,坪林區,農北坪003,乾溪、楣子寮,禁行甲、乙類大客車,,新北市政府,新北市政府102.2.7北府交安字第10212331711號公告函,,ok,1 ,
296,新北市,坪林區,農北坪004,小粗坑,禁行甲、乙類大客車,,新北市政府,新北市政府102.2.7北府交安字第10212331711號公告函,,ok,1 ,
297,新北市,坪林區,農北坪005,枋山坑,禁行甲、乙類大客車,,新北市政府,新北市政府102.2.7北府交安字第10212331711號公告函,,ok,1 ,
298,新北市,坪林區,農北坪008,坑子口,禁行甲、乙類大客車,,新北市政府,新北市政府102.2.7北府交安字第10212331711號公告函,,ok,1 ,
299,新北市,坪林區,農北坪009,崩山坑,禁行甲、乙類大客車,,新北市政府,新北市政府102.2.7北府交安字第10212331711號公告函,,ok,1 ,
300,新北市,坪林區,農北坪010,桶盤嶼,禁行甲、乙類大客車,,新北市政府,新北市政府102.2.7北府交安字第10212331711號公告函,,ok,1 ,
301,新北市,坪林區,農北坪014,環山路,禁行甲、乙類大客車,,新北市政府,新北市政府102.2.7北府交安字第10212331711號公告函,,ok,1 ,
302,新北市,坪林區,農北坪016,南厝,禁行甲、乙類大客車,,新北市政府,新北市政府102.2.7北府交安字第10212331711號公告函,,ok,1 ,
303,新北市,坪林區,農北坪017,大舌湖,禁行甲、乙類大客車,,新北市政府,新北市政府102.2.7北府交安字第10212331711號公告函,,ok,1 ,
304,新北市,坪林區,農北坪018,虎寮潭,禁行甲、乙類大客車,,新北市政府,新北市政府102.2.7北府交安字第10212331711號公告函,,ok,1 ,
305,新北市,坪林區,農北坪020,柑腳坑,禁行甲、乙類大客車,,新北市政府,新北市政府102.2.7北府交安字第10212331711號公告函,,ok,1 ,
306,新北市,坪林區,農北坪021,柑腳坑支線,禁行甲、乙類大客車,,新北市政府,新北市政府102.2.7北府交安字第10212331711號公告函,,ok,1 ,
307,新北市,坪林區,農北坪023,粗窟路－山上,禁行甲、乙類大客車,,新北市政府,新北市政府102.2.7北府交安字第10212331711號公告函,,ok,1 ,
308,新北市,坪林區,農北坪024,大舌埔,禁行甲、乙類大客車,,新北市政府,新北市政府102.2.7北府交安字第10212331711號公告函,,ok,1 ,
309,新北市,坪林區,農北坪026,大湖尾,禁行甲、乙類大客車,,新北市政府,新北市政府102.2.7北府交安字第10212331711號公告函,,ok,1 ,
310,新北市,坪林區,農北坪027,新城坑,禁行甲、乙類大客車,,新北市政府,新北市政府102.2.7北府交安字第10212331711號公告函,,ok,1 ,
311,新北市,坪林區,農北坪028,"35k+500~終點
金瓜寮路",禁行甲類大客車,,新北市政府,新北市政府102.12.24北府交安字第10232722641號公告函,,ok,1 ,
312,新北市,坪林區,農北坪029,九芎林,禁行甲、乙類大客車,,新北市政府,新北市政府102.2.7北府交安字第10212331711號公告函,,ok,1 ,
313,新北市,坪林區,農北坪030,"魚逮漁堀路
1k至終點",禁行甲類大客車,,新北市政府,新北市政府102.11.15北府交安字第10230491761號公告函,,ok,1 ,
314,新北市,坪林區,農北坪031,平堵,禁行甲、乙類大客車,,新北市政府,新北市政府102.2.7北府交安字第10212331711號公告函,,ok,1 ,
315,新北市,坪林區,農北坪033,尖山湖,禁行甲、乙類大客車,,新北市政府,新北市政府102.2.7北府交安字第10212331711號公告函,,ok,1 ,
316,新北市,坪林區,農北坪004-1,小粗坑,禁行甲、乙類大客車,,新北市政府,新北市政府102.2.7北府交安字第10212331711號公告函,,ok,1 ,
317,新北市,坪林區,農北坪006,楣子寮,禁行甲、乙類大客車,,新北市政府,新北市政府102.2.7北府交安字第10212331711號公告函,,ok,1 ,
318,新北市,烏來區,農北烏001,忠治5號之1,禁行甲、乙類大客車,,新北市政府,新北市政府102.2.7北府交安字第10212331711號公告函,,ok,1 ,
319,新北市,烏來區,農北烏001-1,往大桶山支線（台電電桿忠治幹31二枝1附近）,禁行甲、乙類大客車,,新北市政府,新北市政府102.2.7北府交安字第10212331711號公告函,,ok,1 ,
320,新北市,烏來區,農北烏002,西羅岸路,禁行甲、乙類大客車,,新北市政府,新北市政府102.2.7北府交安字第10212331711號公告函,,ok,1 ,
321,新北市,烏來區,農北烏002-1,野要街,禁行甲、乙類大客車,,新北市政府,新北市政府102.2.7北府交安字第10212331711號公告函,,ok,1 ,
322,新北市,烏來區,農北烏003,桶後,禁行甲、乙類大客車,,新北市政府,新北市政府102.2.7北府交安字第10212331711號公告函,,ok,1 ,
323,新北市,烏來區,農北烏004,信福路120巷,禁行甲、乙類大客車,,新北市政府,新北市政府102.2.7北府交安字第10212331711號公告函,,ok,1 ,
324,新北市,烏來區,農北烏004-1,信福路6巷,禁行甲、乙類大客車,,新北市政府,新北市政府102.2.7北府交安字第10212331711號公告函,,ok,1 ,
325,新北市,烏來區,農北烏006,卡拉莫基2號,禁行甲、乙類大客車,,新北市政府,新北市政府102.2.7北府交安字第10212331711號公告函,,ok,1 ,
326,新北市,烏來區,農北烏006-1,馬岸,禁行甲、乙類大客車,,新北市政府,新北市政府102.2.7北府交安字第10212331711號公告函,,ok,1 ,
327,新北市,五股區,農北五001,御史路-中直路與崩山巷口,中直路3號橋至中直路48號可通行乙類大客車，其餘禁行甲、乙類大客車,,新北市政府,新北市政府102.2.7北府交安字第10212331711號公告函,,ok,1 ,
328,新北市,五股區,農北五002,崩山巷,禁行甲、乙類大客車,,新北市政府,新北市政府102.2.7北府交安字第10212331711號公告函,,ok,1 ,
329,新北市,五股區,農北五003,龍湖產業道路,禁行甲、乙類大客車,,新北市政府,新北市政府102.2.7北府交安字第10212331711號公告函,,ok,1 ,
330,新北市,五股區,農北五005,田寮坑產業道路,禁行甲、乙類大客車,,新北市政府,新北市政府102.2.7北府交安字第10212331711號公告函,,ok,1 ,
331,新北市,五股區,農北五006,外寮路-濟仁宮,禁行甲、乙類大客車,,新北市政府,新北市政府102.2.7北府交安字第10212331711號公告函,,ok,1 ,
332,宜蘭縣,,宜51線,"12k~16k+353
智腦~土場",禁行甲、乙、丙類大客車,,宜蘭縣政府,宜蘭縣政府96.3.5府建交字第0950160344B號公告函,,ok,1 ,
333,桃園縣,蘆竹鄉,桃2線,"0k+700~5k+680
公埔~南勢角",禁行甲類大客車,道路狹窄，轉彎過小及坡度陡,桃園縣政府,桃園縣政府96年3月8日府交運字促09600048531號函,,ok,1 ,
334,桃園縣,龜山鄉,桃6線,"5k+800~11k+200
大竹~大崗",禁行甲類大客車,道路狹窄，6k+500處涵洞淨高不足,桃園縣政府,桃園縣政府96年3月8日府交運字促09600048531號函,,ok,1 ,
335,桃園縣,復興鄉,桃116線,"0k~10k+874
下巴陵~上巴陵","管制期間：即日（100.06.28）起當地觀光旺季期間（1月、2月、5月~9月）每日管制
管制範圍：桃116線（下巴陵-上巴陵）
管制對象：甲類大客車
管制點：巴陵派出所（下山管制點）；拉拉山風景區收費站（上山管制點）
管制內容：
每日開放上山時段 07:00~07:30、09:00~09:30、11:00~11:30、13:00~13:30、15:00~15:30及17:00~17:30
每日開放下山時段 08:00~08:30、10:00~10:30、12:00~12:30、14:00~14:30及16:00~16:30
如發生交通狀況不利於大客車通行之情形，得由警察機關或路權單位機動調整管制措施，不另行公告。","山區道路狹窄，多處急彎及坡度陡
（因應桃園縣政府水蜜桃觀光季交通管制）",桃園縣政府,"桃園縣政府
100年06月28日
府交公字第10002516631號",,ok,1 ,
336,桃園縣,大溪鎮,信義路789巷、永娘農路、娘子坑路,信義路789巷至大溪鎮永福宮(縣界),禁行甲、乙類大客車,部分路寬不足4公尺，且部分坡度大於12%,桃園縣政府大溪鎮公所,桃園縣政府大溪鎮公所102.2.7,,ok,1 ,
337,桃園縣,蘆竹鄉,土地公坑農路,0k(赤塗路)~1k+770,禁行甲、乙類大客車,該路段最窄處約3公尺，會車困難，且多彎道及陡坡,桃園縣蘆竹鄉公所,桃園縣蘆竹鄉公所102.2.6蘆鄉工字第1020005265號公告函,,ok,1 ,
338,桃園縣,復興鄉,三民村2.3鄰道路,0k-1k+200,禁行甲、乙類大客車,5.5m(道路總寬度),"桃園縣原住民管理局
桃園縣政府交通局",桃園縣政府交通局102.3.21桃交字第10200061541號函,,ok,1 ,
339,桃園縣,復興鄉,枕頭山道路,0k-0k+900,禁行甲、乙類大客車,4.2m(道路總寬度),"桃園縣原住民管理局
桃園縣政府交通局",桃園縣政府交通局102.3.21桃交字第10200061541號函,,ok,1 ,
340,桃園縣,復興鄉,庫志道路,0k-1k+750,禁行甲類大客車,4.6m(道路總寬度),"桃園縣原住民管理局
桃園縣政府交通局",桃園縣政府交通局102.3.21桃交字第10200061541號函,,ok,1 ,
341,桃園縣,復興鄉,嘎色鬧道路,0k-3k+150,禁行甲類大客車,3.8m(道路總寬度),"桃園縣原住民管理局
桃園縣政府交通局",桃園縣政府交通局102.3.21桃交字第10200061541號函,,ok,1 ,
342,桃園縣,復興鄉,義興道路,0k-2k+650,禁行甲類大客車,4.2m(道路總寬度),"桃園縣原住民管理局
桃園縣政府交通局",桃園縣政府交通局102.3.21桃交字第10200061541號函,,ok,1 ,
343,桃園縣,復興鄉,義盛村6.7鄰道路,0k-2k+330,禁行甲類大客車,4.9m(道路總寬度),"桃園縣原住民管理局
桃園縣政府交通局",桃園縣政府交通局102.3.21桃交字第10200061541號函,,ok,1 ,
344,桃園縣,復興鄉,雪霧鬧聯外道路,0k-4k,禁行甲類大客車,4.1m(道路總寬度),"桃園縣原住民管理局
桃園縣政府交通局",桃園縣政府交通局102.3.21桃交字第10200061541號函,,ok,1 ,
345,桃園縣,復興鄉,里安道路,0k-1k+100,禁行甲、乙類大客車,3.3m(道路總寬度),"桃園縣原住民管理局
桃園縣政府交通局",桃園縣政府交通局102.3.21桃交字第10200061541號函,,ok,1 ,
346,桃園縣,復興鄉,高義蘭道路,0k-4k+350,禁行甲類大客車,4.6m(道路總寬度),"桃園縣原住民管理局
桃園縣政府交通局",桃園縣政府交通局102.3.21桃交字第10200061541號函,,ok,1 ,
347,桃園縣,復興鄉,下蘇樂道路,0k-1k,禁行甲、乙類大客車,3.3m(道路總寬度),"桃園縣原住民管理局
桃園縣政府交通局",桃園縣政府交通局102.3.21桃交字第10200061541號函,,ok,1 ,
348,桃園縣,復興鄉,卡拉道路,0k-0k+900,禁行甲、乙類大客車,3.3m(道路總寬度),"桃園縣原住民管理局
桃園縣政府交通局",桃園縣政府交通局102.3.21桃交字第10200061541號函,,ok,1 ,
349,桃園縣,,內奎輝道路,0k-1k+400,禁行甲、乙類大客車,,"桃園縣原住民管理局
桃園縣政府交通局",桃園縣政府交通局102.3.21桃交字第10200061541號函,,ok,1 ,
350,桃園縣,復興鄉,爺亨道路,全線,禁行甲類大客車,,桃園縣政府交通局,桃園縣政府交通局102.5.3桃交字第10200097141號函,,ok,1 ,
351,桃園縣,復興鄉,光華道路,全線,禁行甲類大客車,,桃園縣政府交通局,桃園縣政府交通局102.5.3桃交字第10200097141號函,,ok,1 ,
352,桃園縣,復興鄉,上奎輝產業道路,全線,禁行甲類大客車,,桃園縣政府交通局,桃園縣政府交通局102.5.3桃交字第10200097141號函,,ok,1 ,
353,新竹縣,湖口鄉,竹12線,"6k+400~7k+600
羊喜窩路~南窩",禁行甲、乙類大客車,多處路寬<5公尺,新竹縣政府,新竹縣政府102.5.27府交通字第1020067531號公告函,,ok,1 ,
354,新竹縣,"峨嵋鄉
北埔鄉",竹38線,竹83~竹43-1,禁行甲、乙類大客車,多處路寬<5公尺,新竹縣政府,新竹縣政府102.8.20府交通字第1020119248號公告函,,,,
355,新竹縣,北埔鄉,竹39線,0k~9k,禁行甲、乙類大客車,路寬3-4公尺,新竹縣政府,新竹縣政府102.2.5府交通字第1020016474號公告函,,ok,1 ,
356,新竹縣,峨嵋鄉,竹49線,竹41~竹81,禁行甲類大客車,多處路寬<5公尺,新竹縣政府,新竹縣政府102.8.20府交通字第1020119248號公告函,,,,
357,新竹縣,尖石鄉,竹60線,7k+500~39k+500,禁行甲類大客車,路寬3-7.5公尺,新竹縣政府,新竹縣政府102.2.5府交通字第1020016474號公告函,,ok,1 ,
358,新竹縣,尖石鄉,竹60-1線,全線,禁行甲類大客車,多處路寬<6.5公尺,新竹縣政府,新竹縣政府102.7.5府交通字第1020087370號公告函,,,,
359,新竹縣,五峰鄉,竹62線,"3k+710~9k
花園-天湖",禁行甲類大客車,多處路寬<6.5公尺,新竹縣政府,新竹縣政府102.2.5府交通字第1020016474號公告函,,ok,1 ,
360,新竹縣,五峰鄉,茅圃道路,全線,禁行甲、乙類大客車,多處路寬<5公尺,新竹縣政府,新竹縣政府102.7.5府交通字第1020087370號公告函,,,,
361,新竹縣,竹東鎮,東河產業道路,南清公路~五指山路,禁行甲、乙類大客車,多處路寬僅2公尺,新竹縣政府,新竹縣政府102.2.5府交通字第1020016474號公告函,,ok,1 ,
362,新竹縣,尖石鄉,司馬庫斯,"0k~16k
泰崗岔路口~司馬庫斯部落","1.禁止四輪以上車輛通行
（1）單向禁止通行時段
泰崗岔路口禁止上司馬庫斯部落時間：12:40~14:59
司馬庫斯部落禁止下泰崗岔路口時間：14:00~16:20
（2）其餘時段可雙向通行
（3）泰崗部落車輛禁行時段憑通行證，得進出司馬庫斯產業道路0k~4k
2.禁行甲、乙類大客車
特定時段開放乙類大客車通行如下
泰崗岔路口開放時段：15:00~15:20
司馬庫斯部落開放時段：13:40~14:00
開放通行時段於司馬庫斯產業道路0k~4k通行請特別注意會車安全","路寬2-3公尺
不利會車",新竹縣政府,新竹縣政府102.7.5府交通字第1020087370號公告函,,ok,1 ,
363,新竹縣,橫山鄉,中正路,與光復路交界處至與中山街交界處,禁行甲類大客車,多處路寬<6.5公尺,新竹縣政府,新竹縣政府102.5.27府交通字第1020067531號公告函,,ok,1 ,
364,新竹縣,橫山鄉,光復路,全線,禁行甲類大客車,多處路寬<6.5公尺,新竹縣政府,新竹縣政府102.5.27府交通字第1020067531號公告函,,ok,1 ,
365,新竹市,東區,高峰路,自食品路至新竹縣寶山鄉交界止,禁行甲、乙類大客車,道路寬度狹窄，且位於山區與市區道路交接之道路。,新竹市政府交通處,92年公告,,ok,1 ,
366,新竹市,東區,大學路,自交通大學大門口至大學路路底止,局部路段管制性(上午7時至9時，下午5時至晚上8時)禁止甲乙大客車進入。,位於市區道路，道路寬度狹窄不利轉彎。,新竹市政府交通處,92年公告,,ok,1 ,
367,苗栗縣,"南庄鄉
獅潭鄉",124線,43k~45k+700,車齡逾12年大客車禁行路段,,苗栗縣政府,苗栗縣政府102.02.01府工道字第1020024815B號公告函,,ok,1 ,
368,苗栗縣,"三義鄉
大湖鄉",130線,27k～30k+350,車齡逾12年大客車禁行路段,,苗栗縣政府,苗栗縣政府102.02.01府工道字第1020024815B號公告函,,ok,1 ,
369,苗栗縣,頭份鎮,苗2線,"7K+325～12K+348
台1線～苗2-3線",禁行甲、乙類大客車,,苗栗縣政府,苗栗縣政府102.02.01府工道字第1020024815B號公告函,,ok,1 ,
370,苗栗縣,頭屋鄉,苗16線,3k+520~7k+023,禁行甲類大客車,,苗栗縣政府,苗栗縣政府102.02.01府工道字第1020024815B號公告函,,ok,1 ,
371,苗栗縣,公館鄉,苗24-1線,"0K~3K+608
行修寺-北寮",禁行甲、乙類大客車,,苗栗縣政府,苗栗縣政府102.02.01府工道字第1020024815B號公告函,,ok,1 ,
372,苗栗縣,"公館鄉
獅潭鄉",苗24-2線,"0K~4K+710
協雲宮~新豐",禁行甲、乙類大客車,,苗栗縣政府,苗栗縣政府102.02.01府工道字第1020024815B號公告函,,ok,1 ,
373,苗栗縣,西湖鄉,苗34-2線,0k~6k+844,禁行甲類大客車,,苗栗縣政府,苗栗縣政府102.02.01府工道字第1020024815B號公告函,,ok,1 ,
374,苗栗縣,銅鑼鄉,苗38-1,中正路～台13線（樟樹村平交道）,禁行甲、乙類大客車,,苗栗縣政府,苗栗縣政府102.02.01府工道字第1020024815B號公告函,,ok,1 ,
375,苗栗縣,三義鄉,苗51線,"2K+112~7K+140
八櫃(西湖村)~聖王崎下(鯉魚潭村)",禁行甲、乙類大客車,,苗栗縣政府,苗栗縣政府102.02.01府工道字第1020024815B號公告函,,ok,1 ,
376,苗栗縣,三義鄉,苗52-3線,"0K~8K
三櫃(鯉魚潭村)~新開村(大湖)",禁行甲、乙類大客車,,苗栗縣政府,苗栗縣政府102.02.01府工道字第1020024815B號公告函,,ok,1 ,
377,苗栗縣,大湖鄉,苗55-2線,"0K-3K+713
栗林村-武榮村",禁行甲、乙類大客車,,苗栗縣政府,苗栗縣政府102.03.14府工道字第1020050493B號公告函,,ok,1 ,
378,苗栗縣,大湖鄉,苗56線,"3K+600~7K+286
關刀山-大湖",禁行甲、乙類大客車,,苗栗縣政府,苗栗縣政府102.02.01府工道字第1020024815B號公告函,,ok,1 ,
379,苗栗縣,"大湖鄉
銅鑼鄉",苗60線,"0K~8K+646
台三線~老雞隆",禁行甲、乙類大客車,,苗栗縣政府,苗栗縣政府102.02.01府工道字第1020024815B號公告函,,ok,1 ,
380,苗栗縣,大湖鄉,苗60-1線,"0K~5K
南湖派出所~苗60線",禁行甲、乙類大客車,,苗栗縣政府,苗栗縣政府102.02.01府工道字第1020024815B號公告函,,ok,1 ,
381,苗栗縣,大湖鄉,苗61線,"8K~16K+700
中興檢查哨~梅園",禁行甲、乙類大客車,,苗栗縣政府,苗栗縣政府102.03.14府工道字第1020050493B號公告函,,ok,1 ,
382,苗栗縣,泰安鄉,苗62-1線,0K~8K+100清安,禁行甲類大客車,,苗栗縣政府,苗栗縣政府102.02.01府工道字第1020024815B號公告函,,ok,1 ,
383,苗栗縣,獅潭鄉,苗64線,"1K~4K+624
玉虛宮~八卦力",禁行甲、乙類大客車,,苗栗縣政府,苗栗縣政府102.02.01府工道字第1020024815B號公告函,,ok,1 ,
384,苗栗縣,南庄鄉、獅潭鄉,苗64-1線,"0K~2K+500
鹽水坑~八卦力",禁行甲、乙類大客車,,苗栗縣政府,苗栗縣政府102.02.01府工道字第1020024815B號公告函,,ok,1 ,
385,苗栗縣,獅潭鄉,苗65線,"0K~3K+750
和興二橋~苗農實習農場",禁行甲、乙類大客車,,苗栗縣政府,苗栗縣政府102.02.01府工道字第1020024815B號公告函,,ok,1 ,
386,苗栗縣,頭屋鄉,飛鳳道,飛鳳橋至石觀音寺,禁行甲類大客車,,苗栗縣政府,苗栗縣政府102.02.01府工道字第1020024815B號公告函,,ok,1 ,
387,苗栗縣,大湖鄉,馬拉邦山產業道路,苗55-1線尾端至馬拉邦山,禁行甲、乙類大客車,,苗栗縣政府,苗栗縣政府102.03.14府工道字第1020050493B號公告函,,ok,1 ,
388,苗栗縣,泰安鄉,梅象聯絡道,"0K~4K+600
梅園~象鼻",禁行甲、乙類大客車,,苗栗縣政府,苗栗縣政府102.02.01府工道字第1020024815B號公告函,,ok,1 ,
389,苗栗縣,泰安鄉,梅興聯絡道,"0K~3K+100
梅園~中興",禁行甲、乙類大客車,,苗栗縣政府,苗栗縣政府102.02.01府工道字第1020024815B號公告函,,ok,1 ,
390,苗栗縣,泰安鄉,錦卦聯絡道,"0K~4K+100
錦水~八卦",禁行甲、乙類大客車,,苗栗縣政府,苗栗縣政府102.02.01府工道字第1020024815B號公告函,,ok,1 ,
391,苗栗縣,泰安鄉,錦安聯絡道,"0k~1k+700
錦水~清安",禁行甲、乙類大客車,,苗栗縣政府,苗栗縣政府102.03.14府工道字第1020050493B號公告函,,ok,1 ,
392,苗栗縣,泰安鄉,士象聯絡道,"0K~4K+600
士林~象鼻",禁行甲、乙類大客車,,苗栗縣政府,苗栗縣政府102.02.01府工道字第1020024815B號公告函,,ok,1 ,
393,苗栗縣,泰安鄉,大安聯絡道,"0K~7K+200
大安",禁行甲類大客車,,苗栗縣政府,苗栗縣政府102.03.14府工道字第1020050493B號公告函,,ok,1 ,
394,苗栗縣,泰安鄉,中象聯絡道,"0K~10K+100
中興~象鼻",禁行甲類大客車,,苗栗縣政府,苗栗縣政府102.02.01府工道字第1020024815B號公告函,,ok,1 ,
395,苗栗縣,泰安鄉,南清聯絡道,"0K~3K+800
大興~清安",禁行甲、乙類大客車,,苗栗縣政府,苗栗縣政府102.02.01府工道字第1020024815B號公告函,,ok,1 ,
396,南投縣,"水里鄉
鹿谷鄉",131線,33k+474~49k+474,禁行甲類大客車,,南投縣政府,南投縣政府102.02.07府工土字第10200260141號公告函,,ok,1 ,
397,南投縣,國姓鄉,133線,2k+710~4k+300,禁行甲類大客車,,南投縣政府,南投縣政府102.02.07府工土字第10200260141號公告函,,ok,1 ,
398,南投縣,國姓鄉,136線,48k+500~56k+807,禁行甲類大客車,,南投縣政府,南投縣政府102.02.07府工土字第10200260141號公告函,,ok,1 ,
399,南投縣,南投市,139線,35k+800~36k+500,禁行甲類大客車,,南投縣政府,南投縣政府102.02.07府工土字第10200260141號公告函,,ok,1 ,
400,南投縣,名間鄉,139乙線,5k+730~5k+850,禁行甲類大客車,,南投縣政府,南投縣政府102.02.07府工土字第10200260141號公告函,,ok,1 ,
401,南投縣,"國姓鄉
水里鄉",147線,0k~14k+300,禁行甲類大客車,,南投縣政府,南投縣政府102.02.07府工土字第10200260141號公告函,,ok,1 ,
402,南投縣,竹山鎮,149線,18k~19k,禁行甲類大客車,,南投縣政府,南投縣政府102.02.07府工土字第10200260141號公告函,,ok,1 ,
403,南投縣,竹山鎮,149乙線,1k+600~4k+001,禁行甲類大客車,,南投縣政府,南投縣政府102.02.07府工土字第10200260141號公告函,,ok,1 ,
404,南投縣,"名間鄉
集集鎮",152線,54k+500~55k+700,禁行甲類大客車,,南投縣政府,南投縣政府102.02.07府工土字第10200260141號公告函,,ok,1 ,
405,南投縣,竹山鎮,158甲線,48k+500~52k+700,禁行甲類大客車,,南投縣政府,南投縣政府102.02.07府工土字第10200260141號公告函,,ok,1 ,
406,南投縣,南投市,投16線,,禁行甲、乙類大客車,,南投縣政府,南投縣政府102.02.07府工土字第10200260141號公告函,,ok,1 ,
407,南投縣,南投市,投18線,,禁行甲、乙類大客車,,南投縣政府,南投縣政府102.02.07府工土字第10200260141號公告函,,ok,1 ,
408,南投縣,南投市,投22-1線,,禁行甲、乙類大客車,,南投縣政府,南投縣政府102.02.07府工土字第10200260141號公告函,,ok,1 ,
409,南投縣,,投56線,,禁行甲、乙類大客車,,南投縣政府,南投縣政府102.02.07府工土字第10200260141號公告函,,ok,1 ,
410,南投縣,信義鄉,投59線,,禁行甲、乙類大客車,,南投縣政府,南投縣政府102.02.07府工土字第10200260141號公告函,,ok,1 ,
411,南投縣,水里鄉,投61線,,禁行甲、乙類大客車,,南投縣政府,南投縣政府102.02.07府工土字第10200260141號公告函,,ok,1 ,
412,南投縣,水里鄉,投61-1線,,禁行甲、乙類大客車,,南投縣政府,南投縣政府102.02.07府工土字第10200260141號公告函,,ok,1 ,
413,南投縣,"魚池鄉
信義鄉",投63線,,禁行甲、乙類大客車,,南投縣政府,南投縣政府102.02.07府工土字第10200260141號公告函,,ok,1 ,
414,南投縣,"國姓鄉
埔里鎮",投68線,0k-8k+300,禁行甲、乙類大客車,,南投縣政府,南投縣政府102.02.07府工土字第10200260141號公告函,,ok,1 ,
415,南投縣,魚池鄉,投69線,16k+500-18k+500,禁行甲、乙類大客車及15噸以上車輛,,南投縣政府,南投縣政府102.02.07府工土字第10200260141號公告函,,ok,1 ,
416,南投縣,"仁愛鄉
埔里鎮",投71線,,禁行甲、乙類大客車,,,南投縣政府102.02.07府工土字第10200260141號公告函,,ok,1 ,
417,南投縣,國姓鄉,投82線,,禁行甲、乙類大客車,,南投縣政府,南投縣政府102.02.07府工土字第10200260141號公告函,,ok,1 ,
418,南投縣,仁愛鄉,投83線,,禁行甲類大客車,,南投縣政府,南投縣政府102.02.07府工土字第10200260141號公告函,,ok,1 ,
419,南投縣,仁愛鄉,投85線,全線,禁行甲、乙類大客車,,南投縣政府,南投縣政府102.02.07府工土字第10200260141號公告函,,ok,1 ,
420,南投縣,南投市,投86線,,禁行甲、乙類大客車,,南投縣政府,南投縣政府102.02.07府工土字第10200260141號公告函,,ok,1 ,
421,南投縣,南投市,投88線,,禁行甲、乙類大客車,,南投縣政府,南投縣政府102.02.07府工土字第10200260141號公告函,,ok,1 ,
422,南投縣,仁愛鄉,投89線,全線,禁行甲、乙類大客車,,南投縣政府,南投縣政府102.02.07府工土字第10200260141號公告函,,ok,1 ,
423,南投縣,南投市,投90線,,禁行甲、乙類大客車,,南投縣政府,南投縣政府102.02.07府工土字第10200260141號公告函,,ok,1 ,
424,南投縣,國姓鄉,投97線,,禁行甲、乙類大客車,,南投縣政府,南投縣政府102.02.07府工土字第10200260141號公告函,,ok,1 ,
425,臺中市,潭子區,中86-1,湳底巷,禁行甲、乙類大客車,,臺中市政府,臺中市政府102年2月6日府授交行字第1020026268號,,ok,1 ,
426,臺中市,大肚區,瑞井里瑞井路,全線,禁行甲、乙類大客車,,臺中市政府,臺中市政府102年2月6日府授交行字第1020026268號,,ok,1 ,
427,臺中市,大肚區,華南路,,禁行甲類大客車,,臺中市政府,臺中市政府102年11月8日府授交行字第1020222036號,,,,
428,臺中市,神岡區,大富路,全線,禁行甲、乙類大客車,,臺中市政府,臺中市政府102年2月6日府授交行字第1020026268號,,ok,1 ,
429,臺中市,潭子區,豐興路二段,龍興巷,禁行甲、乙類大客車,,臺中市政府,臺中市政府102年2月6日府授交行字第1020026268號,,ok,1 ,
430,臺中市,潭子區,潭興路一段,17巷,禁行甲、乙類大客車,,臺中市政府,臺中市政府102年2月6日府授交行字第1020026268號,,ok,1 ,
431,臺中市,太平區,大興里部子坑路,大興路~頭汴里界及各支線,禁行甲、乙類大客車,,臺中市政府,臺中市政府102年2月6日府授交行字第1020026268號,,ok,1 ,
432,臺中市,太平區,頭汴里中坑巷,全線及支線,禁行甲、乙類大客車,,臺中市政府,臺中市政府102年2月6日府授交行字第1020026268號,,ok,1 ,
433,臺中市,太平區,南國巷,泡仔林橋後端,禁行甲、乙類大客車,,臺中市政府,臺中市政府102年2月6日府授交行字第1020026268號,,ok,1 ,
434,臺中市,霧峰區,萬豐里萬斗六農路,全線,禁行甲、乙類大客車,,臺中市政府,臺中市政府102年2月6日府授交行字第1020026268號,,ok,1 ,
435,臺中市,霧峰區,萬豐里柚子坑農路,全線,禁行甲、乙類大客車,,臺中市政府,臺中市政府102年2月6日府授交行字第1020026268號,,ok,1 ,
436,臺中市,霧峰區,萬豐里竹篙坑農路,全線,禁行甲、乙類大客車,,臺中市政府,臺中市政府102年2月6日府授交行字第1020026268號,,ok,1 ,
437,臺中市,霧峰區,桐林里北坑產業道路,全線,禁行甲、乙類大客車,,臺中市政府,臺中市政府102年2月6日府授交行字第1020026268號,,ok,1 ,
438,臺中市,霧峰區,桐林里中坑產業道路,全線,禁行甲、乙類大客車,,臺中市政府,臺中市政府102年2月6日府授交行字第1020026268號,,ok,1 ,
439,臺中市,霧峰區,桐林里南坑產業道路,全線,禁行甲、乙類大客車,,臺中市政府,臺中市政府102年2月6日府授交行字第1020026268號,,ok,1 ,
440,臺中市,霧峰區,坑口里暗坑產業道路,全線,禁行甲、乙類大客車,,臺中市政府,臺中市政府102年2月6日府授交行字第1020026268號,,ok,1 ,
441,臺中市,霧峰區,峰谷里東坪溜農路,全線,禁行甲、乙類大客車,,臺中市政府,臺中市政府102年2月6日府授交行字第1020026268號,,ok,1 ,
442,臺中市,龍井區,南崗路,竹師路2段至南新路,禁行甲類大客車,,臺中市政府,臺中市政府102年2月6日府授交行字第1020026268號,,ok,1 ,
443,臺中市,和平區,原和-001,舊佳陽部落聯絡道路,禁行甲、乙類大客車,,臺中市政府,臺中市政府102年2月6日府授交行字第1020026268號,,ok,1 ,
444,臺中市,和平區,原和-002,新佳陽部落聯絡道路,禁行甲、乙類大客車,,臺中市政府,臺中市政府102年2月6日府授交行字第1020026268號,,ok,1 ,
445,臺中市,和平區,原和-003,齡恩道路上線,禁行甲、乙類大客車,,臺中市政府,臺中市政府102年2月6日府授交行字第1020026268號,,ok,1 ,
446,臺中市,和平區,原和-004,齡恩道路下線,禁行甲、乙類大客車,,臺中市政府,臺中市政府102年2月6日府授交行字第1020026268號,,ok,1 ,
447,臺中市,和平區,原和-005,松茂部落聯絡道路松東巷ㄧ,禁行甲、乙類大客車,,臺中市政府,臺中市政府102年2月6日府授交行字第1020026268號,,ok,1 ,
448,臺中市,和平區,原和-006,松茂部落聯絡道路松東巷二,禁行甲、乙類大客車,,臺中市政府,臺中市政府102年2月6日府授交行字第1020026268號,,ok,1 ,
449,臺中市,和平區,原和-008,上谷關聯絡道路,禁行甲類大客車,,臺中市政府,臺中市政府102年2月6日府授交行字第1020026268號,,ok,1 ,
450,臺中市,和平區,原和-009,十文溪聯絡道路,禁行甲類大客車,,臺中市政府,臺中市政府102年2月6日府授交行字第1020026268號,,ok,1 ,
451,臺中市,和平區,原和-012,三叉坑聯絡道路,禁行甲類大客車,,臺中市政府,臺中市政府102年2月6日府授交行字第1020026268號,,ok,1 ,
452,臺中市,和平區,原和-013,烏石坑聯絡道路,禁行甲類大客車,,臺中市政府,臺中市政府102年2月6日府授交行字第1020026268號,,ok,1 ,
453,臺中市,和平區,原和-014,雪山坑聯絡道路,禁行甲類大客車,,臺中市政府,臺中市政府102年2月6日府授交行字第1020026268號,,ok,1 ,
454,臺中市,和平區,原和-015,崑崙聯絡道路,禁行甲類大客車,,臺中市政府,臺中市政府102年2月6日府授交行字第1020026268號,,ok,1 ,
455,臺中市,和平區,原和-016,打鐵坑聯絡道路,禁行甲、乙類大客車,,臺中市政府,臺中市政府102年2月6日府授交行字第1020026268號,,ok,1 ,
456,臺中市,和平區,原和-017,技藝聯絡道路,禁行甲類大客車,,臺中市政府,臺中市政府102年2月6日府授交行字第1020026268號,,ok,1 ,
457,彰化縣,溪州鄉,145線,6k+850~9k+050,禁行甲類大客車,路寬<6.5公尺,彰化縣政府,彰化縣政府102.2.23府工管字第1020047423A號公告函,,ok,1 ,
458,彰化縣,溪州鄉,152線,23k+700~28k+500,禁行甲、乙類大客車,多處路寬<5.5公尺,彰化縣政府,彰化縣政府102.2.23府工管字第1020047423A號公告函,,ok,1 ,
459,彰化縣,溪州鄉,152線,31k+150~31k+850,禁行甲、乙類大客車,多處路寬<5.5公尺,彰化縣政府,彰化縣政府102.2.23府工管字第1020047423A號公告函,,ok,1 ,
460,彰化縣,二水鄉,152線,34k+500~35k+900,禁行甲、乙類大客車,多處路寬<5.5公尺,彰化縣政府,彰化縣政府102.2.23府工管字第1020047423A號公告函,,ok,1 ,
461,彰化縣,二水鄉,152線,35k+920~36k+300,禁行甲、乙類大客車,多處路寬<5.5公尺,彰化縣政府,彰化縣政府102.2.23府工管字第1020047423A號公告函,,ok,1 ,
462,雲林縣,古坑鄉,149甲線,"15k~18k
清水橋路段",禁止車輛通行,,"本局第五區養護工程處
雲林縣政府",公告時間不可考,,,,
463,雲林縣,古坑鄉,雲199線,3K+462~4K+398,禁行大客車,路寬4.1m山區道路狹窄、多彎,雲林縣政府,雲林縣政府102.1.30府工運字第1026401824B號公告函,,ok,1 ,
464,雲林縣,古坑鄉,雲205線,"0K~0K+927
新興~縣界",禁行大客車,路寬4.5m道路急彎、陡坡,雲林縣政府,雲林縣政府102.1.30府工運字第1026401824B號公告函,,ok,1 ,
465,雲林縣,古坑鄉,雲208線,"1K+590~4K+812 
枋寮~大湖底",禁行大客車,路寬3.7m無會車空間、停車視距不佳、天候因素(濃霧),雲林縣政府,雲林縣政府102.1.30府工運字第1026401824B號公告函,,ok,1 ,
466,雲林縣,古坑鄉,雲209線,"2K+279~3K+044 
大坪頂~山腳",禁行大客車,路寬3.5m無會車空間、停車視距不佳、天候因素(濃霧),雲林縣政府,雲林縣政府102.1.30府工運字第1026401824B號公告函,,ok,1 ,
467,雲林縣,古坑鄉,雲210線,"3K+181~3K+601
永光~大湖底",禁行大客車,路寬5.5m無會車空間、停車視距不佳單行道,雲林縣政府,雲林縣政府102.1.30府工運字第1026401824B號公告函,,ok,1 ,
468,雲林縣,古坑鄉,雲210-1線,"0K~0K+197
華山~大崎橋",禁行大客車,路寬5.5m無會車空間、停車視距不佳,雲林縣政府,雲林縣政府102.1.30府工運字第1026401824B號公告函,,ok,1 ,
469,雲林縣,古坑鄉,雲212線,7K+300~10K+475(永光~龍眼林旁),禁行大客車,天候因素(濃霧),雲林縣政府,雲林縣政府102.1.30府工運字第1026401824B號公告函,,ok,1 ,
470,雲林縣,林內鄉,產業道路,雲61線交界向內之產業道路,禁行大客車,路寬約3m<5.5m無會車空間,雲林縣政府,雲林縣政府102.1.30府工運字第1026401824B號公告函,,ok,1 ,
471,雲林縣,林內鄉,東興路(產業道路),雲60線交界向內之產業道路,禁行大客車,路寬約3m<5.5m無會車空間,雲林縣政府,雲林縣政府102.1.30府工運字第1026401824B號公告函,,ok,1 ,
472,雲林縣,林內鄉,產業道路,雲218線交界向內之產業道路,禁行甲、乙類大客車,路寬約5m<5.5m無會車空間,雲林縣政府,雲林縣政府102.1.30府工運字第1026401824B號公告函,,ok,1 ,
473,嘉義縣,梅山鄉,149甲線,"42k+300~54k（終點）
全仔社橋~169線6k處",禁行大客車及21噸以上重車,莫拉克颱風災區災害道路,"本局第五區養護工程處
嘉義縣政府",嘉義縣政府98年11月3日府交管字第0980006058號函,,ok,1 ,
474,嘉義縣,番路鄉,159甲線,"18k~20k+600
半天岩~嘉124線終點",禁行甲、乙類大客車,路寬不足及多處彎道會車不易,"本局第五區養護工程處
嘉義縣政府",嘉義縣政府102.2.4府建道管字第10200254481號公告函,,ok,1 ,
475,嘉義縣,番路鄉,159甲線,"20k+600~26k+700
嘉124線終點~大湖",禁行甲類大客車,路寬不足及多處彎道會車不易,"本局第五區養護工程處
嘉義縣政府",嘉義縣政府102.2.4府建道管字第10200254481號公告函,,ok,1 ,
476,嘉義縣,番路鄉,159甲線,"26k+700~45k+554
大湖~石?",禁行甲、乙類大客車,路寬不足及多處彎道會車不易,"本局第五區養護工程處
嘉義縣政府",嘉義縣政府102.2.4府建道管字第10200254481號公告函,,ok,1 ,
477,嘉義縣,梅山鄉,162甲線,"13K+700~16K+400
（太平~碧湖）",禁行甲類大客車,山區道路狹窄，無會車空間,"本局第五區養護工程處
嘉義縣政府",嘉義縣政府96年3月2日府交管字第0960006999號函,,ok,1 ,
478,嘉義縣,梅山鄉,162甲線,"16K+400~35K+300
（碧湖~瑞峰）",禁行甲、乙類大客車,山區道路狹窄，無會車空間,"本局第五區養護工程處
嘉義縣政府",嘉義縣政府96年3月2日府交管字第0960006999號函,,ok,1 ,
479,嘉義縣,梅山鄉,162甲線,"35k+300~47k
瑞峰~油車寮",禁行大客車及21噸以上重車,莫拉克颱風災區災害道路,"本局第五區養護工程處
嘉義縣政府",嘉義縣政府98年11月3日府交管字第0980006058號函,,ok,1 ,
480,嘉義縣,竹崎鄉,166線,"52k~81k+718
溪心寮-瑞里",禁行甲類大客車及20噸以上大貨車,,"本局第五區養護工程處
嘉義縣政府",嘉義縣政府99年4月8日府交管字第0990005779號函,,ok,1 ,
481,嘉義縣,"梅山鄉
竹崎鄉
阿里山鄉",169線,"0k~16k+500
太和~奮起湖",禁行大客車及21噸以上重車,莫拉克颱風災區災害道路,"本局第五區養護工程處
嘉義縣政府",嘉義縣政府98年11月3日府交管字第0980006058號函,,ok,1 ,
482,嘉義縣,"竹崎鄉
阿里山鄉",169線,"16k+500~33k+800
奮起湖-達邦","自公告日（99年2月12日）起24小時禁行甲類大客車通行
（16k+500~21k+923奮起湖-台18線【石桌】上午7時至下午6時開放甲類大客車通行，其餘時段仍禁行）",災區災害道路,"本局第五區養護工程處
嘉義縣政府","嘉義縣政府99年2月12日府交管字第0990005651號函
",,ok,1 ,
483,嘉義縣,阿里山鄉,169線,"33k+800~51k+100
達邦~里佳",禁行甲、乙類大客車,山區道路狹窄，無會車空間,"本局第五區養護工程處
嘉義縣政府",嘉義縣政府96年3月2日府交管字第0960006999號函,,ok,1 ,
484,嘉義縣,中埔鄉,172線,"43k+982~51k+912
三重溪~凍仔腳",禁行甲、乙類大客車及總重20噸以上大貨車、及車齡逾12年遊覽車，禁行時間24小時,山區道路狹窄、無會車空間,"本局第五區養護工程處
嘉義縣政府",嘉義縣政府102.10.22府道管字第10201928321號公告函,,ok,1 ,
485,嘉義縣,番路鄉,嘉131線,"0k~13k
草山村",禁行甲、乙類大客車,平均道路寬度4米,嘉義縣政府,嘉義縣政府96年3月2日府交管字第0960006999號函,,ok,1 ,
486,嘉義縣,梅山鄉,嘉151-1線,0k~6k+756,禁行甲類大客車,平均寬度4米,嘉義縣政府,嘉義縣政府96年3月2日府交管字第0960006999號函,,ok,1 ,
487,嘉義縣,梅山鄉,嘉152線,0k~11k,禁行甲、乙類大客車,平均道路寬度3米,嘉義縣政府,嘉義縣政府96年3月2日府交管字第0960006999號函,,ok,1 ,
488,嘉義縣,阿里山鄉,嘉156線支線道路,支線道路,禁行逾12年大客車,,嘉義縣政府,嘉義縣政府100年1月12日府交管字第1000009804號函,,ok,1 ,
489,嘉義市,嘉義市,蘭潭大壩,泛月橋至泛月廣場旁,禁行3.5公噸以上車輛,維護大壩壩頂結構之安全,嘉義市政府,公告時間不可考,,ok,1 ,
490,臺南市,白河區,172線 ,"42k+370~43k+982
關子嶺紅葉隧道~三重溪",禁行甲、乙類大客車及總重20噸以上大貨車、及車齡逾12年遊覽車,山區道路狹窄、無會車空間,"本局第五區養護工程處
臺南市政府",臺南市政府102.10.11府交綜字第1020903153B號公告函,,,,
491,臺南市,白河區,172乙線,"5k+250~7k
關子嶺",禁行甲類大客車,山區道路，不利會車，縱坡度高達12%。,"第五區養護工程處
臺南市政府",臺南市政府102.10.11府交綜字第1020903153B號公告函,,ok,1 ,
492,臺南市,"麻豆區
下營區",南59線,全線（下營~麻豆）,禁行甲類大客車,道路狹窄，不利會車,臺南市政府,臺南市政府102.10.11府交綜字第1020903153B號公告函,,,,
493,臺南市,官田區,南64線,南65線路口-台1線路口,禁行甲、乙類大客車,道路狹窄，不利會車,臺南市政府,臺南市政府102年2月5日府交綜字第1020114899A號公告函,,ok,1 ,
494,臺南市,東山區,南105-1線,深坑~大洋~田寮子產業道路三岔路口,禁行甲類大客車,山區道路，不利會車,臺南市政府,臺南市政府102年2月5日府交綜字第1020114899A號公告函,,ok,1 ,
495,臺南市,官田區,南119線,南117線路口-縣道171線路口,禁行甲、乙類大客車,道路狹窄，不利會車,臺南市政府,臺南市政府102年2月5日府交綜字第1020114899A號公告函,,ok,1 ,
496,臺南市,官田區,南120線,南117線路口-縣道171線路口,禁行甲、乙類大客車,道路狹窄，不利會車,臺南市政府,臺南市政府102年2月5日府交綜字第1020114899A號公告函,,ok,1 ,
497,臺南市,楠西區,南188線,"5k~9k+840
彎丘",禁行總重逾6.5噸、軸距4公尺大客車,山區道路，不利會車，縱坡度高達12% ,臺南市政府,臺南市政府102年2月5日府交綜字第1020114899A號公告函,,ok,1 ,
498,臺南市,東山區,產業道路,會社至大洋,禁行甲類大客車,山區道路，不利會車,臺南市政府,臺南市政府102年2月5日府交綜字第1020114899A號公告函,,ok,1 ,
499,臺南市,玉井區,產業道路,明泉寺-虎頭山,禁行甲、乙類大客車,陡坡，道路狹窄不利會車,臺南市政府,臺南市政府102年2月5日府交綜字第1020114899A號公告函,,ok,1 ,
500,高雄市,路竹區,高17線民治路,民有路（福德祠）至台1線中山南路間,禁止8.8噸以上大型車輛通行,,高雄市政府,高雄市政府100.11.17高市府四維交運規字第1000127059號,,ok,1 ,
501,高雄市,橋頭區,高34線仕隆路,成功路至橋南路間,禁行甲類大客車,,高雄市政府,高雄市政府100.11.17高市府四維交運規字第1000127059號,,ok,1 ,
502,高雄市,旗山區,高43線,全線,禁行甲類大客車,,高雄市政府,高雄市政府102年1月29日高市府交運規字第10230569200號,,ok,1 ,
503,高雄市,鳳山區,高69線中崙路,,禁行12噸以上大型車輛,,高雄市政府,高雄市政府100.11.17高市府四維交運規字第1000127059號,,ok,1 ,
504,高雄市,旗山區,高113-2線,0k~3k,禁行甲類大客車,,高雄市政府,高雄市政府102年1月29日高市府交運規字第10230569200號,,ok,1 ,
505,高雄市,內門區,高121線,0k(溝坪里)~3k,禁行甲、乙類大客車,,高雄市政府,高雄市政府102年1月29日高市府交運規字第10230569200號,,ok,1 ,
506,高雄市,內門區,高121-1線,0k+300~1k,禁行甲、乙類大客車,,高雄市政府,高雄市政府102年1月29日高市府交運規字第10230569200號,,ok,1 ,
507,高雄市,內門區,高122線,"0k~0k+200及
產業道路(高122線往308高地)",禁行甲、乙類大客車,,高雄市政府,高雄市政府102年1月29日高市府交運規字第10230569200號,,ok,1 ,
508,高雄市,甲仙區,高128線,"4k~8k+400
王母宮~天壇",禁行甲、乙類大客車,,高雄市政府,高雄市政府102.4.26高市府交運規字第10232264400號,,,,
509,高雄市,杉林區,高129線,"0k~3k
寶隆大橋~奇潭橋",禁行甲、乙類大客車,,高雄市政府,高雄市政府102年1月29日高市府交運規字第10230569200號,,ok,1 ,
510,高雄市,甲仙區,高130線,全線,禁行甲、乙類大客車,,高雄市政府,高雄市政府102年1月29日高市府交運規字第10230569200號,,ok,1 ,
511,高雄市,六龜區,高131線,"5k~8k+500
紅水坑",禁行甲、乙類大客車,,高雄市政府,高雄市政府102年1月29日高市府交運規字第10230569200號,,ok,1 ,
512,高雄市,內門區,高136線,0k~5k,禁行甲、乙類大客車,,高雄市政府,高雄市政府102年1月29日高市府交運規字第10230569200號,,ok,1 ,
513,高雄市,那瑪夏區,南沙魯避難所聯絡道,台21線~南沙魯避難所,禁行甲、乙類大客車,,高雄市政府,高雄市政府102年1月29日高市府交運規字第10230569200號,,ok,1 ,
514,高雄市,那瑪夏區,瑪雅平台聯絡道,台21線瑪雅社區~達卡努瓦派出所,禁行甲、乙類大客車,,高雄市政府,高雄市政府102年1月29日高市府交運規字第10230569200號,,ok,1 ,
515,高雄市,那瑪夏區,瑪雅里南生明路,台21線~瑪雅景觀吊橋,禁行甲、乙類大客車,,高雄市政府,高雄市政府102年1月29日高市府交運規字第10230569200號,,ok,1 ,
516,高雄市,那瑪夏區,"青山產業道路
（高134線）","台21線達卡努瓦~青山
台21線三明火~青山",禁行甲、乙類大客車,,高雄市政府,高雄市政府102年1月29日高市府交運規字第10230569200號,,ok,1 ,
517,高雄市,田寮區,南安里內、外安路,山河壽~內外安,禁行甲類大客車,,高雄市政府,高雄市政府102年1月29日高市府交運規字第10230569200號,,ok,1 ,
518,高雄市,田寮區,七星里橫路,南勢湖~高41線,禁行甲、乙類大客車,,高雄市政府,高雄市政府102年1月29日高市府交運規字第10230569200號,,ok,1 ,
519,高雄市,橋頭區,橋頭路,,禁行甲類大客車,,高雄市政府,高雄市政府100.11.17高市府四維交運規字第1000127059號,,ok,1 ,
520,高雄市,橋頭區,橋南路,成功路至糖廠路間,禁行甲類大客車,,高雄市政府,高雄市政府100.11.17高市府四維交運規字第1000127059號,,ok,1 ,
521,高雄市,鳳山區,中崙路615號旁無名巷,,禁行3.5噸以上大型車輛,,高雄市政府,高雄市政府100.11.17高市府四維交運規字第1000127059號,,ok,1 ,
522,高雄市,岡山區,嘉為街,嘉興路至興隆街間,禁行3.5噸以上車輛,,高雄市政府,高雄市政府100.11.17高市府四維交運規字第1000127059號,,ok,1 ,
523,高雄市,路竹區,民有路,民有路133號至台1線中山南路間,禁行8.8噸以上大型車輛,,高雄市政府,高雄市政府100.11.17高市府四維交運規字第1000127059號,,ok,1 ,
524,屏東縣,三地門鄉,屏31線,"0k~12k+876
大社~德文",禁行乙類大客車,屬山區道路，大社至德文段，轉彎半徑小迴轉，且路寬小於六米，雙方會車不易。,屏東縣政府,屏東縣政府102.2.6屏府工養字第10204062600號公告函,,ok,1 ,
525,屏東縣,瑪家鄉,屏35線,"1k+400~11k+441
水門~新瑪家",禁行甲類大客車,屬山區道路，多路彎無法迴轉，且路寬小於六米，雙方會車不易。,屏東縣政府,屏東縣政府102.2.6屏府工養字第10204062600號公告函,,ok,1 ,
526,屏東縣,泰武鄉,屏106線,"2k+500~19k+071
西方道堂~泰武",禁行甲類大客車,屬山區道路，多霧、路彎無法迴轉，且路寬小於六米，雙方會車不易。,屏東縣政府,屏東縣政府102.8.31屏府工養字第10226339501號公告函,,ok,1 ,
527,屏東縣,來義鄉,屏110線,"11k~16k+560
沿山公路~來義",禁行甲類大客車,屬山區道路，從沿山公（縣道185線）口一路往來義鄉，多彎路且路寬小於六米，雙方會車不易。,屏東縣政府,屏東縣政府102.8.31屏府工養字第10226339501號公告函,,ok,1 ,
528,屏東縣,來義鄉,屏113線,"0k~10k+462 
響潭~來義",禁行甲類大客車,屬山區道路，從響潭往來義鄉，多彎路且路寬小於六米，雙方會車不易。,屏東縣政府,屏東縣政府102.2.6屏府工養字第10204062600號公告函,,ok,1 ,
529,屏東縣,春日鄉,屏132線,"11k+250~23k+250 
力里~七佳",禁行甲類大客車,屬山區道路，從力里至七佳，多彎路且路寬小於六米，雙方會車不易。,屏東縣政府,屏東縣政府102.2.6屏府工養字第10204062600號公告函,,ok,1 ,
530,屏東縣,春日鄉,屏146線,"2k+100~9k+972
枋寮~士文",禁行甲類大客車,屬山區道路，從台一線入口至士文村，多彎路且路寬小於六米，雙方會車不易。,屏東縣政府,屏東縣政府102.2.6屏府工養字第10204062600號公告函,,ok,1 ,
531,屏東縣,車城鄉,屏156線,"2k+250~8k+597
保力~竹肚",禁行甲類大客車,路寬小於六米，雙方會車不易。,屏東縣政府,屏東縣政府102.2.6屏府工養字第10204062600號公告函,,ok,1 ,
532,屏東縣,滿州鄉,屏168線,"0k~2k+065
老佛~響林",禁行甲類大客車,路寬小於六米，雙方會車不易。,屏東縣政府,屏東縣政府102.2.6屏府工養字第10204062600號公告函,,ok,1 ,
533,屏東縣,滿州鄉,屏169線,"0k~7k+050
滿州~佳樂水",禁行甲類大客車,屬山區道路，從里德至佳樂水，多彎路，轉彎半徑小且路寬小於六米，雙方會車不易。,屏東縣政府,屏東縣政府102.2.6屏府工養字第10204062600號公告函,,ok,1 ,
534,屏東縣,牡丹鄉,屏170線,"0k~4k+558 
四林~南長樂",禁行甲類大客車,屬山區道路，從牡丹四林至滿州長樂村，多彎路且路寬小於六米，雙方會車不易。,屏東縣政府,屏東縣政府102.2.6屏府工養字第10204062600號公告函,,ok,1 ,
535,屏東縣,牡丹鄉,屏172線,"0k~11k+237
茄之路~分水嶺",禁行甲類大客車,屬山區道路，從牡丹茄之路往滿州長樂分水嶺，多彎路，轉彎半徑小且路寬小於六米，雙方會車不易。,屏東縣政府,屏東縣政府102.2.6屏府工養字第10204062600號公告函,,ok,1 ,
536,花蓮縣,新城鄉,193線,"0k~6k
三棧~大漢村",禁行甲類大客車,道路路寬狹窄5.6公尺，大客車會車不易,花蓮縣政府,花蓮縣政府102.4.17府警交字第1020067748B號公告函,,ok,1 ,
537,花蓮縣,新城鄉,193線,"8k+500~9k
臨潭橋~七星潭",禁行甲類大客車,道路路寬狹窄4.9M，坡度陡、有急彎，大客車會車不易,花蓮縣政府,花蓮縣政府102.4.17府警交字第1020067748B號公告函,,ok,1 ,
538,花蓮縣,"吉安鄉
壽豐鄉
瑞穗鄉",193線,"22k+500~37k
花蓮大橋~月眉",禁行甲類大客車,道路路寬狹窄5.6M，大客車會車不易,花蓮縣政府,花蓮縣政府102.4.17府警交字第1020067748B號公告函,,ok,1 ,
539,花蓮縣,"吉安鄉
壽豐鄉
瑞穗鄉",193線,"37k~86k+765
月眉~瑞穗",禁行甲、乙、丙類大客車,道路路寬狹窄4M，大客車會車不易,花蓮縣政府,花蓮縣政府102.4.17府警交字第1020067748B號公告函,,ok,1 ,
540,花蓮縣,秀林鄉,花1線,全線,禁行甲、乙類大客車,道路路寬狹窄3公尺，大客車會車不易,花蓮縣政府,花蓮縣政府102.6.14府警交字第1020106367B號公告函,,,,
541,花蓮縣,秀林鄉,花3線,全線,禁行甲、乙類大客車,道路路寬狹窄3公尺，大客車會車不易,花蓮縣政府,花蓮縣政府102.6.14府警交字第1020106367B號公告函,,,,
542,花蓮縣,壽豐鄉,花35線 ,全線,禁行甲、乙類大客車,山區道路路寬狹窄、多彎道，大客車通行不易,花蓮縣政府,花蓮縣政府102.10.21府警交字第1020190555B號公告函,,,,
543,花蓮縣,壽豐鄉,花35-1線,全線,禁行甲、乙類大客車,山區道路路寬狹窄、多彎道，大客車通行不易,花蓮縣政府,花蓮縣政府102.10.21府警交字第1020190555B號公告函,,,,
544,花蓮縣,壽豐鄉,花38-1線 ,全線,禁行甲、乙類大客車,山區道路路寬狹窄、多彎道，大客車通行不易,花蓮縣政府,花蓮縣政府102.10.21府警交字第1020190555B號公告函,,,,
545,花蓮縣,萬榮鄉,花42線,全線,禁行甲、乙類大客車,道路狹窄2.8~7.4公尺會車不易,花蓮縣政府,花蓮縣政府102.4.17府警交字第1020067748B號公告函,,ok,1 ,
546,花蓮縣,萬榮鄉,花43線,全線,禁行甲、乙類大客車,道路狹窄4.3~6.5公尺會車不易,花蓮縣政府,花蓮縣政府102.4.17府警交字第1020067748B號公告函,,ok,1 ,
547,花蓮縣,萬榮鄉,花45線,全線,禁行甲、乙類大客車,道路狹窄3~5.7公尺會車不易,花蓮縣政府,花蓮縣政府102.4.17府警交字第1020067748B號公告函,,ok,1 ,
548,花蓮縣,壽豐鄉,花46線,全線,禁行甲、乙類大客車,山區道路路寬狹窄、多彎道，大客車通行不易,花蓮縣政府,花蓮縣政府102.10.21府警交字第1020190555B號公告函,,,,
549,花蓮縣,豐濱鄉,"花51線
豐濱-八里灣道路","1k~7.2K
豐濱~八里灣",禁行甲、乙類大客車,道路路寬狹窄平均4.2M，大客車會車不易,花蓮縣政府,花蓮縣政府102.4.17府警交字第1020067748B號公告函,,ok,1 ,
550,花蓮縣,萬榮鄉,花60線,全線,禁行甲、乙類大客車,道路狹窄4~5.5公尺會車不易,花蓮縣政府,花蓮縣政府102.4.17府警交字第1020067748B號公告函,,ok,1 ,
551,花蓮縣,"瑞穗鄉
豐濱鄉",花64線,"0k~22k+500
瑞穗~長虹橋",禁行甲、乙類大客車,道路路寬狹窄4.3M，坡度陡、有急彎，大客車會車不易,花蓮縣政府,花蓮縣政府102.4.17府警交字第1020067748B號公告函,,ok,1 ,
552,花蓮縣,富里鄉,花82線,全線,禁行甲、乙類大客車,山區道路路寬狹窄、多彎道、多坍方，大客車通行不易,花蓮縣政府,花蓮縣政府102.10.21府警交字第1020190555B號公告函,,,,
553,花蓮縣,豐濱鄉,全鄉產業道路,,禁行甲、乙類大客車,道路狹小，無法通行,花蓮縣政府,花蓮縣政府102.4.17府警交字第1020067748B號公告函,,ok,1 ,
554,花蓮縣,玉里鎮,赤科山產業道路,,禁行甲、乙類大客車,道路路寬狹窄，坡度陡、有急彎，大客車會車不易,花蓮縣政府,花蓮縣政府102.4.17府警交字第1020067748B號公告函,,ok,1 ,
555,花蓮縣,富里鄉,六十石山產業道路,,禁行甲、乙類大客車,道路路寬狹窄，坡度陡、有急彎，大客車會車不易,花蓮縣政府,花蓮縣政府102.4.17府警交字第1020067748B號公告函,,ok,1 ,
556,臺東縣,"鹿野鄉
延平鄉",197線,"22K+500~37K
寶華山~上野",禁行甲、乙類大客車,全路段為碎石路面，寬僅3.5M，會車不易，且交通量小,"第三區養護工程處
臺東縣政府",臺東縣政府102年2月18日府觀交字第1020026335C號公告函,,,,
557,臺東縣,"延平鄉
卑南鄉",197線,"40K+082~59K+670
鸞山~富源",禁行甲類大客車,路寬4M~6M,"第三區養護工程處
臺東縣政府",臺東縣政府102年2月18日府觀交字第1020026335C號公告函,,,,
558,臺東縣,長濱鄉,東10至台11線岔路,"(樟原國小旁)
含部分南溪產業",禁行甲類大客車,,臺東縣政府,臺東縣政府102.3.19府觀交字第1020044865B號公告函,,ok,1 ,
559,臺東縣,長濱鄉,東11至台11線岔路,八仙洞-大俱來,禁行甲、乙類大客車,八仙洞-大俱來替代道路,臺東縣政府,臺東縣政府102.3.19府觀交字第1020044865B號公告函,,ok,1 ,
560,臺東縣,長濱鄉,東12至台11線岔路,95k，寧靜宮,禁行甲、乙類大客車,,臺東縣政府,臺東縣政府102.3.19府觀交字第1020044865B號公告函,,ok,1 ,
561,臺東縣,延平鄉,東40,往森林博物館路段,禁行甲、乙類大客車,防護設施及路幅不足,臺東縣政府,臺東縣政府102.3.19府觀交字第1020044865B號公告函,,ok,1 ,
562,臺東縣,東河鄉,東43,,禁行甲、乙類大客車,路寬不足,臺東縣政府,臺東縣政府102.3.19府觀交字第1020044865B號公告函,,ok,1 ,
563,臺東縣,成功鎮,三仙產業道路,,禁行甲、乙類大客車,路寬不足,臺東縣政府,臺東縣政府102.3.19府觀交字第1020044865B號公告函,,ok,1 ,
564,臺東縣,成功鎮,芝田產業道路,,禁行甲、乙類大客車,路寬不足,臺東縣政府,臺東縣政府102.3.19府觀交字第1020044865B號公告函,,ok,1 ,
565,臺東縣,成功鎮,仙民產業道路,,禁行甲、乙類大客車,,臺東縣政府,臺東縣政府102.5.3府觀交字第1020080587B號公告函,,ok,1 ,
566,臺東縣,成功鎮,富榮路,,禁行甲、乙類大客車,路寬不足,臺東縣政府,臺東縣政府102.3.19府觀交字第1020044865B號公告函,,ok,1 ,
567,臺東縣,成功鎮,"小馬隧道
(泰源隧道)",,禁行甲、乙類大客車,路寬不足,臺東縣政府,臺東縣政府102.3.19府觀交字第1020044865B號公告函,,ok,1 ,
568,臺東縣,長濱鄉,忠勇上田組聯絡道路,東13至台11線岔路（長光-長濱）,禁行甲類大客車,,臺東縣政府,臺東縣政府102.3.19府觀交字第1020044865B號公告函,,ok,1 ,
569,臺東縣,長濱鄉,寧埔產業道路,東14至台11線岔路（寧埔國小）,禁行甲、乙類大客車,,臺東縣政府,臺東縣政府102.3.19府觀交字第1020044865B號公告函,,ok,1 ,
570,臺東縣,長濱鄉,北溪產業道路,東10線岔路,禁行甲、乙類大客車,,臺東縣政府,臺東縣政府102.3.19府觀交字第1020044865B號公告函,,ok,1 ,
571,臺東縣,長濱鄉,南溪產業道路,東10線(南溪18鄰以上路段),禁行甲、乙類大客車,,臺東縣政府,臺東縣政府102.3.19府觀交字第1020044865B號公告函,,ok,1 ,
572,臺東縣,長濱鄉,三間產業道路,台11線岔路(三間國小旁),禁行甲、乙類大客車,,臺東縣政府,臺東縣政府102.3.19府觀交字第1020044865B號公告函,,ok,1 ,
573,臺東縣,長濱鄉,城子埔產業道路,台11線岔路(城子埔社區旁),禁行甲、乙類大客車,,臺東縣政府,臺東縣政府102.3.19府觀交字第1020044865B號公告函,,ok,1 ,
574,臺東縣,長濱鄉,三崙仔產業道路,台11線岔路(87k),禁行甲、乙類大客車,,臺東縣政府,臺東縣政府102.3.19府觀交字第1020044865B號公告函,,ok,1 ,
575,臺東縣,長濱鄉,崎腳二號產業道路,台11線岔路(88k),禁行甲、乙類大客車,,臺東縣政府,臺東縣政府102.3.19府觀交字第1020044865B號公告函,,ok,1 ,
576,臺東縣,長濱鄉,齒草埔產業道路,台11線岔路(89.5k),禁行甲、乙類大客車,,臺東縣政府,臺東縣政府102.3.19府觀交字第1020044865B號公告函,,ok,1 ,
577,臺東縣,長濱鄉,竹湖移民產業道路,台11線岔路(竹湖國小旁),禁行甲、乙類大客車,,臺東縣政府,臺東縣政府102.3.19府觀交字第1020044865B號公告函,,ok,1 ,
578,臺東縣,長濱鄉,南竹產業道路,台11線岔路(92.5k),禁行甲、乙類大客車,,臺東縣政府,臺東縣政府102.3.19府觀交字第1020044865B號公告函,,ok,1 ,
579,臺東縣,長濱鄉,八桑安產業道路,台11線岔路(八桑安社區旁),禁行甲、乙類大客車,,臺東縣政府,臺東縣政府102.3.19府觀交字第1020044865B號公告函,,ok,1 ,
580,臺東縣,長濱鄉,烏石鼻產業道路,台11線岔路(七里香民宿對面),禁行甲、乙類大客車,,臺東縣政府,臺東縣政府102.3.19府觀交字第1020044865B號公告函,,ok,1 ,
581,臺東縣,長濱鄉,?橋產業道路,台11線岔路(99.5k),禁行甲、乙類大客車,,臺東縣政府,臺東縣政府102.3.19府觀交字第1020044865B號公告函,,ok,1 ,
582,臺東縣,太麻里鄉,佳崙產業道路,往金針山路段,禁行甲類大客車,路幅不足,臺東縣政府,臺東縣政府102.3.19府觀交字第1020044865B號公告函,,ok,1 ,
583,臺東縣,池上鄉,萬新道路,萬安村-新興村,禁行甲、乙類大客車,道路狹窄，交通流量大、無法會車,臺東縣政府,臺東縣政府102.3.19府觀交字第1020044865B號公告函,,ok,1 ,
584,臺東縣,池上鄉,錦新道路,錦園村-新興村,禁行甲、乙類大客車,道路狹窄，交通流量大、無法會車,臺東縣政府,臺東縣政府102.3.19府觀交字第1020044865B號公告函,,ok,1 ,
585,澎湖縣,馬公市,"203線
(中正路)","0K~0K+500
中山路~民生路口",1900~2400禁止大客車通行,道路狹窄，不利行車(澎湖縣政府規劃為該縣夜間主要觀光道路),澎湖縣政府,澎湖縣政府96年1月4日府授警交字第09631000032號函,,ok,1 ,
586,金門縣,金湖鎮,玉章路,軍事管制區內路段,禁止遊覽車通行,屬軍事管制區,金門縣政府,金門縣政府96.12.14府交通字第0960801060號,,ok,1 ,
587,新北市,烏來區,桶後林道,全線,禁行甲、乙類大客車,,行政院農業委員會林務局新竹林區管理處,行政院農業委員會林務局新竹林區管理處102.3.7竹治字第102102388公告函,,ok,1 ,
588,新北市,烏來區,內洞林道,全線,禁行甲、乙類大客車,,行政院農業委員會林務局新竹林區管理處,行政院農業委員會林務局新竹林區管理處102.3.7竹治字第102102388公告函,,ok,1 ,
589,宜蘭縣,南澳鄉,翠峰林道,全線,禁行甲、乙類大客車,"山區道路狹窄
會車困難",行政院農業委員會林務局羅東林區管理處,行政院農業委員會林務局羅東林區管理處102.03.11羅治字第1021101962號,,ok,1 ,
590,宜蘭縣,"南澳鄉
大同鄉","古魯林道
(平元林道)",全線,禁行甲、乙類大客車,"山區道路狹窄
會車困難",行政院農業委員會林務局羅東林區管理處,行政院農業委員會林務局羅東林區管理處102.03.11羅治字第1021101962號,,ok,1 ,
591,宜蘭縣,南澳鄉,"鹿皮林道
(南澳北線)",全線,禁行甲、乙類大客車,"山區道路狹窄
會車困難",行政院農業委員會林務局羅東林區管理處,行政院農業委員會林務局羅東林區管理處102.03.11羅治字第1021101962號,,ok,1 ,
592,宜蘭縣,南澳鄉,"金洋林道
(南澳南線)",全線,禁行甲、乙類大客車,"山區道路狹窄
會車困難",行政院農業委員會林務局羅東林區管理處,行政院農業委員會林務局羅東林區管理處102.03.11羅治字第1021101962號,,ok,1 ,
593,宜蘭縣,"大同鄉
南澳鄉",四季林道,全線,禁行甲、乙類大客車,"山區道路狹窄
會車困難",行政院農業委員會林務局羅東林區管理處,行政院農業委員會林務局羅東林區管理處102.03.11羅治字第1021101962號,,ok,1 ,
594,宜蘭縣,大同鄉,嘉平林道,全線,禁行甲、乙類大客車,"山區道路狹窄
會車困難",行政院農業委員會林務局羅東林區管理處,行政院農業委員會林務局羅東林區管理處102.03.11羅治字第1021101962號,,ok,1 ,
595,宜蘭縣,"冬山鄉
南澳鄉
大同鄉",安平坑林道,全線,禁行甲、乙類大客車,"山區道路狹窄
會車困難",行政院農業委員會林務局羅東林區管理處,行政院農業委員會林務局羅東林區管理處102.03.11羅治字第1021101962號,,ok,1 ,
596,宜蘭縣,"蘇澳鎮
南澳鄉",武荖坑林道,全線,禁行甲、乙類大客車,"山區道路狹窄
會車困難",行政院農業委員會林務局羅東林區管理處,行政院農業委員會林務局羅東林區管理處102.03.11羅治字第1021101962號,,ok,1 ,
597,桃園縣,復興鄉,達觀山林道,全線,禁行甲、乙類大客車,,行政院農業委員會林務局新竹林區管理處,行政院農業委員會林務局新竹林區管理處102.3.7竹治字第102102388公告函,,ok,1 ,
598,新竹縣,"五峰鄉
尖石鄉",羅山林道上線,全線,禁行甲、乙類大客車,,行政院農業委員會林務局新竹林區管理處,行政院農業委員會林務局新竹林區管理處102.11.9竹治字第1022220934公告函,,ok,1 ,
599,新竹縣,五峰鄉,羅山林道下線,全線,禁行甲、乙類大客車,,行政院農業委員會林務局新竹林區管理處,行政院農業委員會林務局新竹林區管理處102.3.14竹治字第102220231公告函,,ok,1 ,
600,新竹縣,尖石鄉,水田林道,全線,禁行甲、乙類大客車,,行政院農業委員會林務局新竹林區管理處,行政院農業委員會林務局新竹林區管理處102.3.7竹治字第102102388公告函,,ok,1 ,
601,新竹縣,五峰鄉,"大鹿林道
本線",全線,"禁行甲、乙類大客車
1.「大鹿林道蘇力風災後乙類大客車通行試辦計畫」103.1.25~103.07.31每周六、日及國定假日上午6時至下午5時試辦乙類大客車(僅限23人(含)座以下)通行
2.進入林道之乙類大客車駕駛，需簽署安全駕駛公約
3.另為辦理大鹿林道復建工程施工需要，103.03.18上午9時至103.3.27下午17時止封閉林道0.5K(雲山派出所管制哨)至林道10.5K路段。","多處路寬<5.5公尺
因蘇力風災復建之須",行政院農業委員會林務局新竹林區管理處,行政院農業委員會林務局新竹林區管理處103.03.07竹治字第1032220160號函,,ok,1 ,
602,苗栗縣,泰安鄉,"大鹿林道
東線",全線,禁行大客車,"山區道路狹窄
會車困難","行政院農業委員會林務局新竹林區管理處
（已交雪霸國家公園管理處轄管）",99年1月25日台內營字第0990800273號,,ok,1 ,
603,苗栗縣,南庄鄉,苗21線（東河林道）,10k+400~14k+500,禁行甲、乙類大客車,,苗栗縣政府,苗栗縣政府102.02.01府工道字第1020024815B號公告函,,ok,1 ,
604,苗栗縣,泰安鄉,司馬限林道,"0K～23K+700
苗栗縣警察局中興派出所-雪霸國家公園管理處雪見管理站",禁行甲、乙類大客車,,"苗栗縣政府
行政院農業委員會林務局新竹林區管理處",苗栗縣政府102.02.01府工道字第1020024815B號公告函,,ok,1 ,
605,苗栗縣,泰安鄉,大湖溪林道,全線,禁行甲、乙類大客車,,行政院農業委員會林務局新竹林區管理處,行政院農業委員會林務局新竹林區管理處102.3.7竹治字第102102388公告函,,ok,1 ,
606,苗栗縣,泰安鄉,樂山林道,0k~6k+500,禁行甲、乙類大客車,,行政院農業委員會林務局新竹林區管理處,行政院農業委員會林務局新竹林區管理處102.11.9竹治字第1022220934公告函,,ok,1 ,
607,苗栗縣,南庄鄉  ,大坪林道,"全線
苗124線36.5k~加里山登山步道入口",禁行甲、乙類大客車,,"行政院農業委員會林務局新竹林區管理處
苗栗縣政府","行政院農業委員會林務局新竹林區管理處102.3.7竹治字第102102388公告函
苗栗縣政府102.03.14府工道字第1020050493B號公告函",,ok,1 ,
608,苗栗縣,南庄鄉  ,大南林道,全線,禁行甲、乙類大客車,,行政院農業委員會林務局新竹林區管理處,行政院農業委員會林務局新竹林區管理處102.3.7竹治字第102102388公告函,,ok,1 ,
609,苗栗縣,南庄鄉  ,蓬萊林道,全線,禁行甲、乙類大客車,,行政院農業委員會林務局新竹林區管理處,行政院農業委員會林務局新竹林區管理處102.3.7竹治字第102102388公告函,,ok,1 ,
610,苗栗縣,南庄鄉  ,八卦力林道,全線,禁行甲、乙類大客車,,行政院農業委員會林務局新竹林區管理處,行政院農業委員會林務局新竹林區管理處102.3.14竹治字第102220231公告函,,ok,1 ,
611,苗栗縣,泰安鄉,麻必浩林道,全線,禁行甲、乙類大客車,"山區道路狹窄
會車困難","行政院農業委員會林務局東勢林區
管理處",行政院農業委員會林務局東勢林區管理處102年3月15日勢字治第1023220133號公告函,,ok,1 ,
612,"苗栗縣
臺中市","泰安鄉
和平區",船型山林道,全線,禁行甲、乙類大客車,"山區道路狹窄
會車困難","行政院農業委員會林務局東勢林區
管理處",行政院農業委員會林務局東勢林區管理處102年3月15日勢字治第1023220133號公告函,,ok,1 ,
613,"苗栗縣
臺中市","泰安鄉
和平區",西勢山林道,全線,禁行甲、乙類大客車,"山區道路狹窄
會車困難","行政院農業委員會林務局東勢林區
管理處",行政院農業委員會林務局東勢林區管理處102年3月15日勢字治第1023220133號公告函,,ok,1 ,
614,臺中市,"新社區
和平區",白毛山林道,全線,禁行甲、乙類大客車,,行政院農業委員會林務局南投林區管理處,行政院農業委員會林務局南投林區管理處102.03.08投治字第1024220483號函,,ok,1 ,
615,臺中市,和平區,雪山坑林道,全線,禁行甲、乙類大客車,"山區道路狹窄
會車困難","行政院農業委員會林務局東勢林區
管理處",行政院農業委員會林務局東勢林區管理處102年3月15日勢字治第1023220133號公告函,,ok,1 ,
616,臺中市,和平區,烏石坑林道,全線,禁行甲、乙類大客車,"山區道路狹窄
會車困難","行政院農業委員會林務局東勢林區
管理處",行政院農業委員會林務局東勢林區管理處102年3月15日勢字治第1023220133號公告函,,ok,1 ,
617,臺中市,和平區,觀音山林道,全線,禁行甲、乙類大客車,"山區道路狹窄
會車困難","行政院農業委員會林務局東勢林區
管理處",行政院農業委員會林務局東勢林區管理處102年3月15日勢字治第1023220133號公告函,,ok,1 ,
618,臺中市,和平區,八仙山苗圃林道,全線,禁行甲、乙類大客車,"山區道路狹窄
會車困難","行政院農業委員會林務局東勢林區
管理處",行政院農業委員會林務局東勢林區管理處102年3月15日勢字治第1023220133號公告函,,ok,1 ,
619,臺中市,和平區,摩天嶺林道,全線,禁行甲、乙類大客車,"山區道路狹窄
會車困難","行政院農業委員會林務局東勢林區
管理處",行政院農業委員會林務局東勢林區管理處102年3月15日勢字治第1023220133號公告函,,ok,1 ,
620,臺中市,和平區,平石山林道,全線,禁行甲、乙類大客車,"山區道路狹窄
會車困難","行政院農業委員會林務局東勢林區
管理處",行政院農業委員會林務局東勢林區管理處102年3月15日勢字治第1023220133號公告函,,ok,1 ,
621,臺中市,和平區,大雪山林道,5K以上,禁行甲類大客車,,"臺中市政府
行政院農業委員會林務局東勢林區
管理處",行政院農業委員會林務局東勢林區管理處102年8月19日勢字治第1023220465號公告函,,ok,1 ,
622,臺中市,和平區,"大雪山林道
神木支線",全線,禁行甲、乙類大客車,"山區道路狹窄
會車困難","行政院農業委員會林務局東勢林區
管理處",行政院農業委員會林務局東勢林區管理處102年3月15日勢字治第1023220133號公告函,,ok,1 ,
623,臺中市,和平區,出雲山林道,全線,禁行甲、乙類大客車,"山區道路狹窄
會車困難","行政院農業委員會林務局東勢林區
管理處",行政院農業委員會林務局東勢林區管理處102年3月15日勢字治第1023220133號公告函,,ok,1 ,
624,"臺中市
南投縣","和平區
仁愛鄉",裡冷林道,全線,禁行甲、乙類大客車,"山區道路狹窄
會車困難","行政院農業委員會林務局東勢林區
管理處",行政院農業委員會林務局東勢林區管理處102年3月15日勢字治第1023220133號公告函,,ok,1 ,
625,南投縣,信義鄉,郡大林道,,禁行甲、乙類大客車,,行政院農業委員會林務局南投林區管理處,行政院農業委員會林務局南投林區管理處102.3.8投治字第1024220483號公告函,,ok,1 ,
626,南投縣,"水里鄉
信義鄉",人倫林道,,禁行甲、乙類大客車,,行政院農業委員會林務局南投林區管理處,行政院農業委員會林務局南投林區管理處102.3.8投治字第1024220483號公告函,,ok,1 ,
627,南投縣,仁愛鄉,卓社林道,,禁行甲、乙類大客車,,行政院農業委員會林務局南投林區管理處,行政院農業委員會林務局南投林區管理處102.3.8投治字第1024220483號公告函,,ok,1 ,
628,南投縣,信義鄉,雙龍林道,,禁行甲、乙類大客車,,行政院農業委員會林務局南投林區管理處,行政院農業委員會林務局南投林區管理處102.3.8投治字第1024220483號公告函,,ok,1 ,
629,南投縣,仁愛鄉,萬大林道,,禁行甲、乙類大客車,,行政院農業委員會林務局南投林區管理處,行政院農業委員會林務局南投林區管理處102.3.8投治字第1024220483號公告函,,ok,1 ,
630,南投縣,"仁愛鄉
國姓鄉",阿冷坑林道,,禁行甲、乙類大客車,,行政院農業委員會林務局南投林區管理處,行政院農業委員會林務局南投林區管理處102.3.8投治字第1024220483號公告函,,ok,1 ,
631,南投縣,"國姓鄉
和平區
新社區",長興林道,,禁行甲、乙類大客車,,行政院農業委員會林務局南投林區管理處,行政院農業委員會林務局南投林區管理處102.3.8投治字第1024220483號公告函,,ok,1 ,
632,南投縣,仁愛鄉,武界林道,,禁行甲、乙類大客車,,行政院農業委員會林務局南投林區管理處,行政院農業委員會林務局南投林區管理處102.3.8投治字第1024220483號公告函,,ok,1 ,
633,南投縣,仁愛鄉,尖台林道,,禁行甲、乙類大客車,,行政院農業委員會林務局南投林區管理處,行政院農業委員會林務局南投林區管理處102.3.8投治字第1024220483號公告函,,ok,1 ,
634,嘉義縣,阿里山鄉,祝山林道（嘉專1）,"0k+485~1k+580
阿里山閣大飯店",禁行甲類大客車,山區道路狹窄無會車空間,"行政院農業委員會林務局嘉義林區管理處
嘉義縣政府","嘉義縣政府102.2.4府建道管字第10200254481號公告函
行政院農業委員會林務局嘉義林區管理處102.2.6嘉字第1025220146號公告函",,ok,1 ,
635,嘉義縣,阿里山鄉,祝山林道（嘉專1）,"1k+580~4k+667
阿里山閣大飯店~祝山",禁行甲、乙類大客車,山區道路狹窄無會車空間,"行政院農業委員會林務局嘉義林區管理處
嘉義縣政府","嘉義縣政府102.2.4府建道管字第10200254481號公告函
行政院農業委員會林務局嘉義林區管理處102.2.6嘉字第1025220146號公告函",,ok,1 ,
636,嘉義縣,阿里山鄉,祝山林道（嘉專1-1）,"0k+120~0k+750
阿里山火車站至管制站",禁行甲、乙類大客車,道路平曲線半徑小於12M,"行政院農業委員會林務局嘉義林區管理處
嘉義縣政府","嘉義縣政府102.2.4府建道管字第10200254481號公告函
行政院農業委員會林務局嘉義林區管理處102.2.6嘉字第1025220146號公告函",,ok,1 ,
637,嘉義縣,阿里山鄉,楠溪林道,全線,禁行甲、乙類大客車,,行政院農業委員會林務局嘉義林區管理處,行政院農業委員會林務局嘉義林區管理處102.2.6嘉字第1025220146號公告函,,ok,1 ,
638,嘉義縣,竹崎鄉,焙仔桶林道,全線,禁行甲、乙類大客車,,行政院農業委員會林務局嘉義林區管理處,行政院農業委員會林務局嘉義林區管理處102.2.6嘉字第1025220146號公告函,,ok,1 ,
639,嘉義縣,阿里山鄉,瀨頭林道,全線,禁行甲、乙類大客車,,行政院農業委員會林務局嘉義林區管理處,行政院農業委員會林務局嘉義林區管理處102.2.6嘉字第1025220146號公告函,,ok,1 ,
640,臺南市,楠西區,南山林道,全線,禁行甲、乙類大客車,,行政院農業委員會林務局嘉義林區管理處,行政院農業委員會林務局嘉義林區管理處102.2.6嘉字第1025220146號公告函,,ok,1 ,
641,高雄市,桃源區,梅蘭林道,全線,禁行甲、乙類大客車,,行政院農業委員會林務局嘉義林區管理處,行政院農業委員會林務局嘉義林區管理處102.2.6嘉字第1025220146號公告函,,ok,1 ,
642,高雄市,"六龜區
桃源區",藤枝林道,全線（藤枝森林遊樂區聯外道路）,禁行甲、乙類大客車,山區路段狹窄多彎道，大型車會車困難,行政院農業委員會林務局屏東林區管理處,行政院農業委員會林務局屏東林區管理處102.03.20屏治字第1026220418號,,ok,1 ,
643,高雄市,桃源區,雲山林道,全線,禁行大客車,山區路段狹窄多彎道，大型車會車困難,行政院農業委員會林務局屏東林區管理處,行政院農業委員會林務局屏東林區管理處102.03.20屏治字第1026220418號,,ok,1 ,
644,高雄市,桃源區,高中林道,全線,禁行大客車,山區路段狹窄多彎道，大型車會車困難,行政院農業委員會林務局屏東林區管理處,行政院農業委員會林務局屏東林區管理處102.03.20屏治字第1026220418號,,ok,1 ,
645,高雄市,"六龜區
桃源區",美瓏山林道,全線,禁行大客車,山區路段狹窄多彎道，大型車會車困難,行政院農業委員會林務局屏東林區管理處,行政院農業委員會林務局屏東林區管理處102.03.20屏治字第1026220418號,,ok,1 ,
646,高雄市,桃源區,石山林道,全線,禁行大客車,山區路段狹窄多彎道，大型車會車困難,行政院農業委員會林務局屏東林區管理處,行政院農業委員會林務局屏東林區管理處102.03.20屏治字第1026220418號,,ok,1 ,
647,高雄市,"六龜區
茂林區",扇平林道,全線,禁行大客車,山區路段狹窄多彎道，大型車會車困難,行政院農業委員會林務局屏東林區管理處,行政院農業委員會林務局屏東林區管理處102.03.20屏治字第1026220418號,,ok,1 ,
648,高雄市,那瑪夏區,三民林道,全線,禁行大客車,山區路段狹窄多彎道，大型車會車困難,行政院農業委員會林務局屏東林區管理處,行政院農業委員會林務局屏東林區管理處102.03.20屏治字第1026220418號,,ok,1 ,
649,高雄市,甲仙區,五指寮林道,全線,禁行大客車,山區路段狹窄多彎道，大型車會車困難,行政院農業委員會林務局屏東林區管理處,行政院農業委員會林務局屏東林區管理處102.03.20屏治字第1026220418號,,ok,1 ,
650,屏東縣,獅子鄉,壽卡林道,全線,禁行大客車,山區路段狹窄多彎道，大型車會車困難,行政院農業委員會林務局屏東林區管理處,行政院農業委員會林務局屏東林區管理處102.03.20屏治字第1026220418號,,ok,1 ,
651,屏東縣,來義鄉,來義林道,全線,禁行大客車,山區路段狹窄多彎道，大型車會車困難,行政院農業委員會林務局屏東林區管理處,行政院農業委員會林務局屏東林區管理處102.03.20屏治字第1026220418號,,ok,1 ,
652,屏東縣,三地鄉,沙溪林道,全線,禁行大客車,山區路段狹窄多彎道，大型車會車困難,行政院農業委員會林務局屏東林區管理處,行政院農業委員會林務局屏東林區管理處102.03.20屏治字第1026220418號,,ok,1 ,
653,屏東縣,春日鄉,大漢林道,全線,禁行大客車,山區路段狹窄多彎道，大型車會車困難,行政院農業委員會林務局屏東林區管理處,行政院農業委員會林務局屏東林區管理處102.03.20屏治字第1026220418號,,ok,1 ,
654,臺東縣,延平鄉,延平林道,全線,禁行甲、乙、丙、丁類大客車,"山區道路狹窄
會車困難",行政院農業委員會林務局臺東林區管理處,行政院農業委員會林務局臺東林區管理處102.03.08東治字第1027220057號公告函,,ok,1 ,
655,臺東縣,海瑞鄉,錦屏林道,全線,禁行甲、乙、丙、丁類大客車,"山區道路狹窄
會車困難",行政院農業委員會林務局臺東林區管理處,行政院農業委員會林務局臺東林區管理處102.03.08東治字第1027220057號公告函,,ok,1 ,
656,臺東縣,"海瑞鄉
關山鎮",紅石林道,全線,禁行甲、乙、丙、丁類大客車,"山區道路狹窄
會車困難",行政院農業委員會林務局臺東林區管理處,行政院農業委員會林務局臺東林區管理處102.03.08東治字第1027220057號公告函,,ok,1 ,
657,臺東縣,"臺東市
卑南鄉
太麻里鄉",知本林道,全線,禁行甲、乙、丙、丁類大客車,"山區道路狹窄
會車困難",行政院農業委員會林務局臺東林區管理處,行政院農業委員會林務局臺東林區管理處102.03.08東治字第1027220057號公告函,,ok,1 ,
658,臺東縣,"卑南鄉
延平鄉",利嘉林道,全線,禁行甲、乙、丙、丁類大客車,"山區道路狹窄
會車困難",行政院農業委員會林務局臺東林區管理處,行政院農業委員會林務局臺東林區管理處102.03.08東治字第1027220057號公告函,,ok,1 ,
659,臺東縣,海端鄉,霧鹿林道,全線,禁行甲、乙、丙、丁類大客車,"山區道路狹窄
會車困難",行政院農業委員會林務局臺東林區管理處,行政院農業委員會林務局臺東林區管理處102.03.08東治字第1027220057號公告函,,ok,1 ,
660,花蓮縣,萬榮鄉,西林林道,"0k-39k
西林村至林田山事業區84林班",禁行甲、乙、丙、丁類大客車,"山區道路狹窄
會車困難",行政院農業委員會林務局花蓮林區管理處,行政院農業委員會林務局花蓮林區管理處102.03.18花治字第1028220127號,,ok,1 ,
661,花蓮縣,萬榮鄉,萬榮林道,"0k-47k
明利村至林田山事業區102林班",禁行甲、乙、丙、丁類大客車,"山區道路狹窄
會車困難",行政院農業委員會林務局花蓮林區管理處,行政院農業委員會林務局花蓮林區管理處102.03.18花治字第1028220127號,,ok,1 ,
662,花蓮縣,光復鄉,光復林道,"0k-33k
大馬村至林田山事業區123林班",禁行甲、乙、丙、丁類大客車,"山區道路狹窄
會車困難",行政院農業委員會林務局花蓮林區管理處,行政院農業委員會林務局花蓮林區管理處102.03.18花治字第1028220127號,,ok,1 ,
663,花蓮縣,卓溪鄉,瑞穗林道,"0k-32k
紅葉村至玉里事業區32林班",禁行甲、乙、丙、丁類大客車,"山區道路狹窄
會車困難",行政院農業委員會林務局花蓮林區管理處,行政院農業委員會林務局花蓮林區管理處102.03.18花治字第1028220127號,,ok,1 ,
664,花蓮縣,卓溪鄉,中平林道,"0k-19k
中平村至玉里事業區38林班",禁行甲、乙、丙、丁類大客車,"山區道路狹窄
會車困難",行政院農業委員會林務局花蓮林區管理處,行政院農業委員會林務局花蓮林區管理處102.03.18花治字第1028220127號,,ok,1 ,
665,花蓮縣,卓溪鄉,長良林道,"0k-40k
長良里至秀姑巒事業區44林班",禁行甲、乙、丙、丁類大客車,"山區道路狹窄
會車困難",行政院農業委員會林務局花蓮林區管理處,行政院農業委員會林務局花蓮林區管理處102.03.18花治字第1028220127號,,ok,1 ,
666,花蓮縣,秀林鄉,和平林道,全線,禁行甲、乙、丙、丁類大客車,"山區道路狹窄
會車困難",行政院農業委員會林務局羅東林區管理處,行政院農業委員會林務局羅東林區管理處102.03.15羅治字第1021110229號,,,,
667,苗栗縣,竹南鎮,義山橋,,禁行15噸以上大型車輛,橋梁因梁底鋼筋鏽蝕，承載力降低,苗栗縣竹南鎮公所,"苗栗縣竹南鎮公所
103.03.11苗竹鎮建字第1030005635B號函",,ok,1 ,
,,,,,,,,,,,,
,,,,,,,,,,,,
,,,,,,,,,,,,
,,,,,,,,,,,,
,,,,,,,,,,,,
,,,,,,,,,,,,
,,,,,,,,,,,,
,,,,,,,,,,,,
,,,,,,,,,,,,
,,,,,,,,,,,,
,,,,,,,,,,,,
,,,,,,,,,,,,
,,,,,,,,,,,,
,,,,,,,,,,,,
,,,,,,,,,,,,
,,,,,,,,,,,,
,,,,,,,,,,,,
,,,,,,,,,,,,
,,,,,,,,,,,,
,,,,,,,,,,,,
,,,,,,,,,,,,
,,,,,,,,,,,,
,,,,,,,,,,,,
,,,,,,,,,,,,
,,,,,,,,,,,,
,,,,,,,,,,,,
,,,,,,,,,,,,
,,,,,,,,,,,,
,,,,,,,,,,,,
,,,,,,,,,,,,
,,,,,,,,,,,,
,,,,,,,,,,,,
,,,,,,,,,,,,
,,,,,,,,,,,,
,,,,,,,,,,,,
,,,,,,,,,,,,
,,,,,,,,,,,,
,,,,,,,,,,,,
,,,,,,,,,,,,
,,,,,,,,,,,,
,,,,,,,,,,,,
,,,,,,,,,,,,
,,,,,,,,,,,,
,,,,,,,,,,,,
,,,,,,,,,,,,
,,,,,,,,,,,,
,,,,,,,,,,,,
,,,,,,,,,,,,
